日期,台灣水泥股份有限公司蘇澳廠-P101 #3旋窯-不透光率(20%)-超標,台灣水泥股份有限公司蘇澳廠-P101 #3旋窯-氮氧化物(450ppm)-超標,台灣水泥股份有限公司蘇澳廠-P102 #3冷卻機-不透光率(10%)-超標,台灣水泥股份有限公司蘇澳廠-P202 #3旋窯-不透光率(20%)-超標,台灣水泥股份有限公司蘇澳廠-P202 #3旋窯-氮氧化物(450ppm)-超標,台灣水泥股份有限公司蘇澳廠-P301 #6旋窯-不透光率(20%)-超標,台灣水泥股份有限公司蘇澳廠-P301 #6旋窯-氮氧化物(450ppm)-超標,台灣水泥股份有限公司蘇澳廠-P302 #6冷卻機-不透光率(10%)-超標,信大水泥股份有限公司南聖湖廠-P201 #2旋窯-不透光率(20%)-超標,信大水泥股份有限公司南聖湖廠-P201 #2旋窯-氮氧化物(450ppm)-超標,信大水泥股份有限公司南聖湖廠-P203 #2冷卻機-不透光率(10%)-超標,信大水泥股份有限公司南聖湖廠-P301 #3旋窯-不透光率(20%)-超標,信大水泥股份有限公司南聖湖廠-P301 #3旋窯-氮氧化物(450ppm)-超標,信大水泥股份有限公司南聖湖廠-P304 #3冷卻機-不透光率(10%)-超標,幸福水泥股份有限公司東澳廠-P002 #2旋窯-不透光率(20%)-超標,幸福水泥股份有限公司東澳廠-P002 #2旋窯-氮氧化物(450ppm)-超標,幸福水泥股份有限公司東澳廠-P004 #2冷卻機-不透光率(10%)-超標,臺灣化學纖維股份有限公司龍德廠-P105 LT2鍋爐-不透光率(20%)-超標,臺灣化學纖維股份有限公司龍德廠-P105 LT2鍋爐-二氧化硫(20ppm)-超標,臺灣化學纖維股份有限公司龍德廠-P115 LT3鍋爐-不透光率(20%)-超標,臺灣化學纖維股份有限公司龍德廠-P115 LT3鍋爐-二氧化硫(20ppm)-超標,臺灣化學纖維股份有限公司龍德廠-P115 LT3鍋爐-氮氧化物(50ppm)-超標,潤泰精密材料股份有限公司宜蘭冬山廠-P002 旋窯-不透光率(20%)-超標,潤泰精密材料股份有限公司宜蘭冬山廠-P002 旋窯-氮氧化物(450ppm)-超標,潤泰精密材料股份有限公司宜蘭冬山廠-P007 冷卻機-不透光率(10%)-超標,羅東鋼鐵股份有限公司煉鋼廠-P001 電弧爐-不透光率(10%)-超標,宜蘭縣利澤資源回收(焚化)廠-P001 #1焚化爐-不透光率(20%)-超標,宜蘭縣利澤資源回收(焚化)廠-P001 #1焚化爐-氮氧化物(95.5ppm)-超標,宜蘭縣利澤資源回收(焚化)廠-P001 #1焚化爐-一氧化碳(72.7ppm)-超標,宜蘭縣利澤資源回收(焚化)廠-P001 #1焚化爐-氯化氫(27.3ppm)-超標,宜蘭縣利澤資源回收(焚化)廠-P002 #2焚化爐-不透光率(20%)-超標,宜蘭縣利澤資源回收(焚化)廠-P002 #2焚化爐-氮氧化物(95.5ppm)-超標,宜蘭縣利澤資源回收(焚化)廠-P002 #2焚化爐-一氧化碳(72.7ppm)-超標,宜蘭縣利澤資源回收(焚化)廠-P002 #2焚化爐-氯化氫(27.3ppm)-超標
20130101,0/0,0/0,0/0,0/0,0/0,5/5,0/0,0/0,0/0,0/0,0/0,0/0,0/0,1/1,2/2,4/0,0/0,0/0,0/0,0/0,0/0,0/0,0/0,0/0,0/0,0/0,0/0,0/0,0/0,0/0,0/0,0/0,0/0,0/0
20130102,0/0,1/1,0/0,0/0,0/0,3/3,0/0,0/0,0/0,0/0,0/0,0/0,0/0,0/0,4/4,1/0,0/0,0/0,0/0,0/0,0/0,0/0,0/0,0/0,0/0,0/0,0/0,0/0,0/0,0/0,0/0,0/0,0/0,0/0
20130103,0/0,0/0,0/0,0/0,0/0,0/0,0/0,0/0,0/0,0/0,0/0,0/0,1/1,1/1,0/0,0/0,0/0,0/0,0/0,0/0,0/0,0/0,0/0,0/0,1/1,0/0,0/0,0/0,0/0,0/0,0/0,0/0,0/0,0/0
20130104,7/7,0/0,0/0,0/0,0/0,3/3,0/0,0/0,0/0,0/0,0/0,0/0,4/4,1/1,3/3,0/0,0/0,0/0,0/0,0/0,0/0,0/0,0/0,0/0,1/1,0/0,0/0,0/0,0/0,0/0,0/0,0/0,0/0,0/0
20130105,4/4,0/0,0/0,0/0,0/0,0/0,0/0,0/0,0/0,0/0,0/0,0/0,4/4,4/4,14/14,0/0,0/0,0/0,0/0,0/0,0/0,0/0,0/0,0/0,0/0,0/0,0/0,0/0,0/0,0/0,0/0,0/0,0/0,0/0
20130106,0/0,0/0,0/0,0/0,0/0,0/0,0/0,0/0,0/0,0/0,0/0,0/0,1/1,11/11,7/6,0/0,0/0,0/0,0/0,0/0,0/0,0/0,0/0,0/0,0/0,0/0,0/0,0/0,0/0,0/0,0/0,0/0,0/0,0/0
20130107,11/11,0/0,0/0,0/0,0/0,6/6,0/0,0/0,0/0,0/0,0/0,12/0,0/0,3/1,17/17,0/0,0/0,0/0,0/0,0/0,0/0,0/0,0/0,0/0,0/0,0/0,0/0,0/0,0/0,0/0,0/0,0/0,0/0,0/0
20130108,8/8,0/0,0/0,2/2,0/0,4/4,0/0,0/0,0/0,0/0,0/0,6/2,3/3,0/0,19/19,0/0,0/0,0/0,0/0,0/0,0/0,0/0,0/0,0/0,0/0,0/0,0/0,0/0,0/0,0/0,0/0,0/0,0/0,0/0
20130109,4/4,0/0,0/0,0/0,0/0,6/6,0/0,0/0,0/0,0/0,0/0,0/0,1/1,0/0,23/22,1/0,0/0,0/0,0/0,0/0,0/0,0/0,12/0,0/0,3/0,0/0,0/0,0/0,0/0,0/0,0/0,0/0,0/0,0/0
20130110,0/0,0/0,0/0,0/0,0/0,0/0,0/0,0/0,0/0,0/0,0/0,0/0,0/0,5/5,17/17,0/0,0/0,0/0,0/0,0/0,0/0,0/0,1/0,0/0,0/0,0/0,0/0,0/0,0/0,0/0,0/0,0/0,0/0,0/0
20130111,0/0,0/0,0/0,0/0,0/0,1/1,0/0,0/0,0/0,0/0,0/0,0/0,2/2,11/11,6/6,0/0,5/5,0/0,0/0,0/0,0/0,0/0,2/0,0/0,0/0,0/0,0/0,0/0,0/0,0/0,0/0,0/0,0/0,0/0
20130112,0/0,0/0,0/0,0/0,0/0,0/0,0/0,0/0,0/0,0/0,0/0,0/0,1/1,7/7,2/2,0/0,0/0,0/0,0/0,0/0,0/0,0/0,0/0,0/0,0/0,0/0,0/0,0/0,0/0,0/0,0/0,0/0,0/0,0/0
20130113,0/0,1/1,0/0,0/0,0/0,0/0,1/1,0/0,0/0,0/0,0/0,1/0,0/0,10/10,2/2,0/0,0/0,0/0,0/0,0/0,0/0,0/0,0/0,0/0,0/0,0/0,0/0,0/0,0/0,0/0,0/0,0/0,0/0,0/0
20130114,1/1,0/0,0/0,0/0,0/0,7/7,0/0,0/0,0/0,0/0,0/0,2/2,1/1,0/0,2/2,0/0,0/0,0/0,0/0,0/0,0/0,0/0,0/0,0/0,0/0,0/0,0/0,0/0,0/0,0/0,0/0,0/0,0/0,0/0
20130115,2/2,1/1,0/0,0/0,0/0,6/6,0/0,0/0,0/0,0/0,3/0,0/0,1/1,0/0,1/1,0/0,0/0,0/0,1/0,0/0,0/0,0/0,0/0,0/0,0/0,0/0,0/0,0/0,0/0,0/0,0/0,0/0,0/0,0/0
20130116,0/0,0/0,0/0,8/8,0/0,8/8,0/0,0/0,0/0,0/0,0/0,1/1,7/7,1/1,3/3,0/0,0/0,0/0,0/0,0/0,0/0,0/0,0/0,0/0,29/0,0/0,0/0,0/0,0/0,0/0,0/0,0/0,0/0,0/0
20130117,0/0,0/0,0/0,0/0,0/0,7/7,0/0,0/0,0/0,0/0,0/0,1/1,4/4,0/0,3/3,0/0,0/0,0/0,0/0,0/0,0/0,0/0,2/0,0/0,0/0,0/0,0/0,0/0,0/0,0/0,0/0,0/0,0/0,0/0
20130118,2/2,0/0,0/0,5/5,0/0,5/5,1/1,2/2,0/0,0/0,0/0,0/0,0/0,1/1,0/0,0/0,0/0,0/0,0/0,0/0,0/0,0/0,0/0,0/0,0/0,0/0,0/0,0/0,0/0,0/0,0/0,0/0,0/0,0/0
20130119,0/0,1/1,0/0,0/0,0/0,0/0,0/0,0/0,0/0,0/0,0/0,0/0,3/3,1/1,2/2,0/0,0/0,0/0,0/0,0/0,0/0,0/0,0/0,0/0,14/0,0/0,0/0,0/0,0/0,0/0,0/0,0/0,0/0,0/0
20130120,1/1,0/0,0/0,0/0,0/0,4/4,0/0,0/0,0/0,0/0,0/0,0/0,1/1,7/7,1/1,0/0,0/0,0/0,0/0,0/0,0/0,0/0,0/0,0/0,5/0,0/0,0/0,0/0,0/0,0/0,0/0,0/0,0/0,0/0
20130121,4/4,0/0,0/0,2/2,2/2,0/0,0/0,0/0,0/0,0/0,0/0,2/2,2/2,8/8,0/0,0/0,0/0,0/0,0/0,0/0,0/0,0/0,13/11,0/0,0/0,0/0,0/0,0/0,0/0,0/0,0/0,0/0,0/0,0/0
20130122,8/7,0/0,0/0,7/7,0/0,2/2,0/0,0/0,0/0,0/0,0/0,6/2,4/4,3/2,4/4,0/0,0/0,0/0,0/0,0/0,0/0,0/0,3/3,0/0,0/0,0/0,0/0,0/0,0/0,0/0,0/0,0/0,0/0,0/0
20130123,2/2,0/0,0/0,8/8,0/0,0/0,1/1,0/0,0/0,0/0,0/0,0/0,2/2,0/0,4/4,0/0,0/0,0/0,0/0,0/0,0/0,0/0,2/2,0/0,0/0,0/0,0/0,0/0,0/0,0/0,0/0,0/0,0/0,0/0
20130124,7/7,0/0,0/0,8/8,0/0,2/2,0/0,0/0,0/0,0/0,0/0,1/1,0/0,10/10,0/0,0/0,0/0,0/0,0/0,0/0,0/0,0/0,0/0,0/0,0/0,0/0,0/0,0/0,0/0,0/0,0/0,0/0,0/0,0/0
20130125,5/5,0/0,1/1,0/0,0/0,4/4,2/2,0/0,0/0,0/0,0/0,1/0,0/0,1/1,3/3,0/0,0/0,0/0,0/0,0/0,0/0,1/1,0/0,0/0,0/0,0/0,0/0,0/0,0/0,0/0,0/0,0/0,0/0,0/0
20130126,0/0,3/3,0/0,0/0,3/3,1/1,0/0,0/0,0/0,2/2,0/0,2/0,0/0,14/12,7/7,0/0,0/0,0/0,0/0,24/0,0/0,0/0,5/5,0/0,0/0,0/0,0/0,0/0,0/0,0/0,0/0,0/0,0/0,0/0
20130127,0/0,0/0,0/0,0/0,0/0,7/7,0/0,6/6,0/0,2/2,0/0,1/1,0/0,11/11,3/3,0/0,0/0,0/0,0/0,0/0,0/0,3/0,0/0,0/0,0/0,0/0,0/0,0/0,0/0,0/0,0/0,0/0,0/0,0/0
20130128,0/0,0/0,0/0,0/0,0/0,1/1,0/0,0/0,0/0,4/4,0/0,7/0,0/0,7/6,3/3,0/0,0/0,0/0,0/0,0/0,0/0,0/0,16/16,0/0,3/3,0/0,0/0,0/0,0/0,0/0,0/0,0/0,0/0,0/0
20130129,0/0,0/0,0/0,0/0,0/0,6/6,0/0,0/0,0/0,1/1,0/0,0/0,0/0,0/0,4/4,0/0,0/0,0/0,0/0,0/0,0/0,0/0,0/0,0/0,0/0,0/0,0/0,0/0,0/0,0/0,0/0,0/0,0/0,0/0
20130130,0/0,0/0,0/0,0/0,0/0,2/2,0/0,0/0,0/0,2/2,0/0,0/0,0/0,0/0,4/4,0/0,4/4,0/0,0/0,0/0,0/0,0/0,0/0,0/0,0/0,0/0,0/0,0/0,0/0,0/0,0/0,0/0,0/0,0/0
20130131,0/0,0/0,0/0,0/0,0/0,7/7,0/0,0/0,0/0,0/0,0/0,0/0,0/0,0/0,7/7,0/0,0/0,1/0,0/0,0/0,0/0,0/0,4/4,0/0,0/0,0/0,0/0,0/0,0/0,0/0,0/0,0/0,0/0,0/0
20130201,0/0,0/0,0/0,0/0,0/0,8/8,0/0,4/4,0/0,3/3,0/0,0/0,0/0,0/0,4/4,0/0,4/4,0/0,0/0,0/0,0/0,0/0,0/0,0/0,0/0,0/0,0/0,0/0,0/0,0/0,0/0,0/0,0/0,0/0
20130202,0/0,0/0,0/0,0/0,0/0,0/0,0/0,0/0,0/0,0/0,0/0,0/0,0/0,0/0,4/3,1/0,0/0,0/0,0/0,0/0,0/0,0/0,6/6,0/0,0/0,0/0,0/0,0/0,0/0,0/0,0/0,0/0,0/0,0/0
20130203,0/0,0/0,0/0,0/0,0/0,0/0,0/0,0/0,3/0,0/0,2/0,0/0,0/0,1/0,2/2,0/0,0/0,0/0,0/0,0/0,0/0,0/0,11/11,0/0,0/0,0/0,0/0,0/0,0/0,0/0,0/0,0/0,0/0,0/0
20130204,0/0,0/0,0/0,0/0,0/0,4/4,0/0,0/0,0/0,2/2,2/1,0/0,0/0,0/0,1/1,0/0,1/1,0/0,0/0,0/0,0/0,0/0,6/6,0/0,2/2,0/0,0/0,0/0,0/0,0/0,0/0,0/0,0/0,0/0
20130205,0/0,0/0,0/0,0/0,0/0,0/0,0/0,0/0,0/0,0/0,0/0,0/0,0/0,0/0,6/5,0/0,4/4,0/0,0/0,0/0,0/0,0/0,1/1,0/0,6/6,0/0,0/0,0/0,0/0,0/0,0/0,0/0,0/0,0/0
20130206,0/0,0/0,0/0,0/0,0/0,0/0,0/0,0/0,4/1,3/3,0/0,0/0,0/0,2/0,0/0,0/0,0/0,0/0,0/0,0/0,0/0,0/0,2/2,0/0,1/1,0/0,0/0,0/0,0/0,0/0,0/0,0/0,0/0,0/0
20130207,0/0,0/0,0/0,0/0,0/0,0/0,0/0,0/0,2/2,0/0,0/0,0/0,0/0,1/0,0/0,0/0,2/2,0/0,0/0,0/0,0/0,0/0,5/5,0/0,0/0,0/0,0/0,0/0,0/0,0/0,0/0,0/0,0/0,0/0
20130208,0/0,0/0,0/0,0/0,0/0,0/0,0/0,0/0,2/0,2/2,0/0,0/0,0/0,0/0,2/2,0/0,1/1,0/0,0/0,0/0,0/0,0/0,0/0,0/0,0/0,0/0,0/0,0/0,0/0,0/0,0/0,0/0,0/0,0/0
20130209,0/0,0/0,0/0,0/0,0/0,0/0,0/0,0/0,0/0,0/0,0/0,0/0,0/0,0/0,5/5,0/0,1/1,0/0,1/0,0/0,0/0,0/0,3/3,0/0,1/1,0/0,0/0,0/0,0/0,0/0,0/0,0/0,0/0,0/0
20130210,0/0,0/0,0/0,0/0,0/0,0/0,0/0,0/0,0/0,0/0,0/0,0/0,0/0,0/0,5/5,0/0,1/1,0/0,1/0,0/0,0/0,0/0,2/1,0/0,0/0,0/0,0/0,0/0,0/0,0/0,0/0,0/0,0/0,0/0
20130211,0/0,0/0,0/0,0/0,0/0,0/0,0/0,0/0,0/0,0/0,0/0,0/0,0/0,0/0,3/3,0/0,0/0,0/0,1/0,0/0,0/0,0/0,0/0,0/0,0/0,0/0,0/0,0/0,0/0,0/0,0/0,0/0,0/0,0/0
20130212,0/0,0/0,0/0,0/0,0/0,0/0,1/1,0/0,0/0,0/0,0/0,0/0,0/0,0/0,6/6,0/0,0/0,0/0,1/0,0/0,0/0,0/0,0/0,0/0,0/0,0/0,0/0,0/0,0/0,0/0,0/0,0/0,0/0,0/0
20130213,0/0,1/1,0/0,1/1,0/0,0/0,0/0,0/0,0/0,0/0,0/0,0/0,0/0,0/0,6/6,0/0,0/0,0/0,2/0,0/0,0/0,0/0,26/4,0/0,0/0,0/0,0/0,0/0,0/0,0/0,0/0,0/0,0/0,0/0
20130214,0/0,0/0,0/0,0/0,0/0,0/0,0/0,0/0,0/0,0/0,0/0,0/0,0/0,0/0,4/4,0/0,0/0,0/0,1/0,0/0,0/0,0/0,18/0,0/0,0/0,0/0,0/0,0/0,0/0,0/0,0/0,0/0,0/0,0/0
20130215,0/0,0/0,0/0,0/0,0/0,0/0,0/0,0/0,0/0,0/0,0/0,0/0,0/0,0/0,2/2,0/0,0/0,0/0,0/0,0/0,0/0,0/0,1/0,0/0,19/0,0/0,0/0,0/0,0/0,0/0,0/0,0/0,0/0,0/0
20130216,5/5,0/0,0/0,0/0,0/0,0/0,0/0,5/5,0/0,0/0,0/0,0/0,0/0,0/0,4/2,0/0,7/6,0/0,0/0,0/0,0/0,0/0,4/0,0/0,10/0,0/0,0/0,0/0,0/0,0/0,0/0,0/0,0/0,0/0
20130217,4/4,0/0,0/0,0/0,0/0,0/0,0/0,0/0,0/0,0/0,0/0,0/0,3/3,9/9,1/1,0/0,0/0,0/0,0/0,0/0,0/0,0/0,0/0,0/0,1/0,0/0,0/0,0/0,0/0,0/0,0/0,0/0,0/0,0/0
20130218,7/7,0/0,0/0,8/8,0/0,0/0,0/0,0/0,0/0,0/0,0/0,7/5,2/2,3/3,5/2,3/0,0/0,0/0,0/0,0/0,0/0,0/0,1/0,0/0,20/0,0/0,0/0,0/0,0/0,0/0,0/0,0/0,0/0,0/0
20130219,8/8,0/0,0/0,6/6,3/3,0/0,0/0,0/0,0/0,0/0,0/0,7/2,6/6,2/2,7/7,0/0,1/1,0/0,0/0,0/0,0/0,0/0,0/0,0/0,0/0,0/0,0/0,0/0,0/0,0/0,0/0,0/0,0/0,0/0
20130220,12/12,0/0,0/0,8/8,0/0,6/6,0/0,0/0,0/0,0/0,0/0,14/13,3/3,1/1,4/4,0/0,0/0,0/0,1/0,0/0,0/0,0/0,0/0,0/0,0/0,0/0,0/0,0/0,0/0,0/0,0/0,0/0,0/0,0/0
20130221,8/8,0/0,0/0,0/0,2/1,0/0,0/0,0/0,0/0,0/0,0/0,12/7,2/2,0/0,2/2,0/0,7/7,0/0,0/0,0/0,0/0,0/0,0/0,0/0,1/0,0/0,0/0,0/0,0/0,0/0,0/0,0/0,0/0,0/0
20130222,8/8,0/0,0/0,0/0,1/1,0/0,0/0,0/0,0/0,0/0,0/0,5/1,2/2,1/1,0/0,0/0,11/11,14/0,0/0,0/0,0/0,0/0,0/0,0/0,0/0,0/0,0/0,0/0,0/0,0/0,0/0,0/0,0/0,0/0
20130223,2/2,0/0,0/0,6/6,1/1,0/0,0/0,0/0,0/0,0/0,0/0,6/2,2/2,3/2,0/0,0/0,3/3,33/0,1/0,0/0,0/0,0/0,0/0,0/0,0/0,0/0,0/0,0/0,0/0,0/0,0/0,0/0,0/0,0/0
20130224,0/0,0/0,0/0,0/0,2/2,0/0,0/0,0/0,0/0,0/0,0/0,1/1,4/4,9/7,0/0,0/0,12/12,0/0,1/0,0/0,0/0,0/0,0/0,0/0,0/0,0/0,0/0,0/0,0/0,0/0,0/0,0/0,0/0,0/0
20130225,9/9,0/0,0/0,4/4,2/2,3/3,0/0,0/0,0/0,0/0,0/0,1/1,1/1,9/9,0/0,0/0,12/12,0/0,2/0,0/0,0/0,0/0,0/0,0/0,0/0,0/0,0/0,0/0,0/0,0/0,0/0,0/0,6/0,3/0
20130226,16/16,0/0,0/0,7/7,0/0,0/0,0/0,0/0,0/0,0/0,0/0,1/1,5/5,9/9,13/0,0/0,9/1,0/0,2/0,0/0,0/0,0/0,0/0,0/0,26/0,0/0,0/0,0/0,0/0,0/0,0/0,0/0,0/0,0/0
20130227,9/9,0/0,0/0,9/9,0/0,0/0,0/0,0/0,0/0,0/0,0/0,1/0,3/3,1/1,11/0,0/0,0/0,0/0,2/0,0/0,0/0,0/0,0/0,0/0,0/0,0/0,0/0,0/0,0/0,0/0,0/0,0/0,0/0,0/0
20130228,1/1,0/0,0/0,0/0,1/1,0/0,0/0,0/0,0/0,0/0,0/0,7/0,1/1,5/0,4/0,0/0,0/0,0/0,2/0,0/0,0/0,0/0,0/0,0/0,2/0,0/0,0/0,0/0,0/0,0/0,0/0,0/0,0/0,0/0
20130301,7/7,0/0,0/0,8/8,0/0,0/0,0/0,0/0,0/0,0/0,0/0,2/1,4/4,0/0,0/0,0/0,1/0,0/0,2/0,0/0,0/0,0/0,0/0,0/0,0/0,0/0,0/0,0/0,0/0,0/0,0/0,0/0,0/0,0/0
20130302,4/4,0/0,0/0,0/0,1/1,0/0,0/0,0/0,0/0,0/0,0/0,0/0,5/5,0/0,0/0,0/0,0/0,28/0,1/0,0/0,0/0,0/0,0/0,0/0,4/0,0/0,0/0,0/0,0/0,0/0,0/0,0/0,0/0,0/0
20130303,2/2,0/0,0/0,0/0,0/0,0/0,0/0,0/0,0/0,0/0,0/0,0/0,6/6,1/1,9/0,6/0,1/0,0/0,2/0,0/0,0/0,0/0,0/0,0/0,0/0,0/0,0/0,0/0,0/0,0/0,0/0,0/0,0/0,0/0
20130304,0/0,0/0,0/0,0/0,0/0,0/0,0/0,0/0,0/0,0/0,0/0,0/0,6/6,0/0,0/0,2/0,20/20,46/0,2/0,0/0,0/0,0/0,0/0,0/0,0/0,0/0,0/0,0/0,0/0,0/0,0/0,0/0,0/0,0/0
20130305,0/0,0/0,0/0,0/0,0/0,0/0,0/0,0/0,0/0,0/0,0/0,0/0,8/8,9/9,2/2,0/0,10/9,35/0,2/0,0/0,0/0,0/0,1/0,0/0,4/0,0/0,0/0,0/0,0/0,0/0,0/0,0/0,0/0,0/0
20130306,0/0,0/0,0/0,0/0,0/0,0/0,0/0,0/0,0/0,0/0,0/0,0/0,5/5,8/8,0/0,0/0,4/4,0/0,2/0,0/0,0/0,0/0,19/12,0/0,3/3,0/0,0/0,0/0,0/0,0/0,0/0,0/0,0/0,0/0
20130307,0/0,0/0,0/0,0/0,0/0,0/0,1/1,0/0,0/0,0/0,0/0,0/0,2/2,8/8,0/0,0/0,10/10,0/0,2/0,0/0,0/0,0/0,7/7,0/0,12/12,0/0,0/0,0/0,0/0,0/0,0/0,0/0,0/0,0/0
20130308,0/0,0/0,0/0,0/0,0/0,0/0,0/0,1/1,0/0,0/0,0/0,0/0,2/2,8/8,0/0,0/0,11/11,0/0,2/0,0/0,0/0,0/0,0/0,0/0,0/0,0/0,0/0,0/0,0/0,0/0,0/0,0/0,0/0,0/0
20130309,0/0,0/0,0/0,0/0,0/0,0/0,0/0,0/0,0/0,0/0,0/0,3/0,4/4,16/6,2/2,0/0,0/0,0/0,2/0,0/0,0/0,0/0,2/2,0/0,0/0,0/0,0/0,0/0,0/0,0/0,0/0,0/0,0/0,0/0
20130310,0/0,1/1,0/0,0/0,1/1,0/0,4/3,0/0,1/0,0/0,0/0,0/0,0/0,0/0,0/0,0/0,0/0,0/0,2/0,0/0,0/0,0/0,28/28,0/0,0/0,0/0,0/0,0/0,0/0,0/0,0/0,0/0,0/0,0/0
20130311,0/0,1/1,0/0,0/0,1/1,0/0,0/0,0/0,0/0,2/2,0/0,0/0,0/0,1/0,2/2,0/0,1/1,0/0,2/0,0/0,0/0,0/0,5/5,0/0,0/0,0/0,0/0,0/0,0/0,0/0,0/0,0/0,0/0,0/0
20130312,0/0,0/0,0/0,0/0,0/0,0/0,0/0,0/0,1/0,3/3,0/0,1/0,0/0,4/0,0/0,0/0,1/1,0/0,2/0,0/0,0/0,0/0,9/9,0/0,0/0,0/0,0/0,0/0,0/0,0/0,0/0,0/0,0/0,0/0
20130313,1/1,0/0,0/0,0/0,0/0,0/0,0/0,0/0,0/0,1/1,0/0,0/0,0/0,0/0,2/2,0/0,0/0,0/0,4/0,0/0,0/0,0/0,3/3,0/0,0/0,0/0,0/0,0/0,0/0,0/0,0/0,0/0,0/0,0/0
20130314,0/0,0/0,0/0,8/8,0/0,0/0,0/0,0/0,0/0,0/0,0/0,0/0,0/0,0/0,2/2,0/0,5/5,0/0,2/0,0/0,0/0,0/0,16/16,0/0,0/0,0/0,0/0,0/0,0/0,0/0,0/0,0/0,0/0,0/0
20130315,2/2,0/0,0/0,1/1,0/0,4/4,0/0,0/0,0/0,0/0,0/0,0/0,0/0,0/0,2/2,0/0,1/1,0/0,2/0,0/0,0/0,0/0,4/4,0/0,0/0,0/0,0/0,0/0,0/0,0/0,0/0,0/0,0/0,0/0
20130316,0/0,0/0,0/0,0/0,0/0,7/7,0/0,0/0,0/0,1/1,0/0,0/0,5/5,11/4,4/3,0/0,3/3,0/0,2/0,0/0,0/0,0/0,0/0,0/0,0/0,0/0,0/0,0/0,0/0,0/0,0/0,0/0,0/0,0/0
20130317,0/0,0/0,0/0,0/0,0/0,7/6,0/0,0/0,0/0,0/0,0/0,0/0,6/6,20/19,12/9,0/0,3/3,0/0,2/0,0/0,0/0,0/0,0/0,0/0,0/0,0/0,0/0,0/0,0/0,0/0,0/0,0/0,0/0,0/0
20130318,3/3,0/0,0/0,6/6,0/0,6/6,0/0,0/0,0/0,0/0,0/0,1/0,3/3,29/23,1/1,0/0,0/0,0/0,2/0,0/0,0/0,0/0,2/2,0/0,0/0,0/0,0/0,0/0,0/0,0/0,0/0,0/0,0/0,0/0
20130319,8/8,0/0,0/0,7/7,0/0,0/0,0/0,0/0,1/0,0/0,0/0,0/0,3/3,6/6,3/3,0/0,0/0,0/0,2/0,0/0,0/0,0/0,0/0,0/0,0/0,0/0,0/0,0/0,0/0,0/0,0/0,0/0,0/0,0/0
20130320,10/10,0/0,0/0,0/0,0/0,1/1,0/0,0/0,0/0,0/0,0/0,9/9,5/5,10/5,2/2,0/0,0/0,0/0,2/0,0/0,0/0,0/0,0/0,0/0,0/0,0/0,0/0,0/0,0/0,0/0,0/0,0/0,0/0,0/0
20130321,17/17,0/0,0/0,16/16,0/0,0/0,0/0,0/0,0/0,0/0,0/0,7/6,6/6,2/2,3/3,0/0,0/0,0/0,1/0,0/0,0/0,0/0,0/0,0/0,0/0,0/0,0/0,0/0,0/0,0/0,0/0,0/0,0/0,0/0
20130322,6/6,0/0,0/0,8/8,0/0,2/2,0/0,0/0,0/0,0/0,0/0,7/4,1/1,0/0,0/0,0/0,0/0,0/0,2/0,0/0,0/0,0/0,0/0,0/0,0/0,0/0,0/0,0/0,0/0,0/0,0/0,0/0,0/0,0/0
20130323,5/5,1/1,0/0,0/0,0/0,3/3,0/0,0/0,0/0,0/0,0/0,15/14,0/0,0/0,7/7,0/0,0/0,0/0,2/0,0/0,0/0,0/0,0/0,0/0,0/0,0/0,0/0,0/0,0/0,0/0,0/0,0/0,0/0,0/0
20130324,3/3,0/0,0/0,0/0,0/0,2/2,0/0,0/0,0/0,0/0,0/0,12/11,0/0,0/0,6/6,0/0,0/0,0/0,2/0,0/0,0/0,0/0,0/0,0/0,0/0,0/0,0/0,0/0,0/0,0/0,0/0,0/0,0/0,0/0
20130325,3/3,0/0,0/0,3/3,0/0,1/1,0/0,0/0,2/0,0/0,0/0,28/18,0/0,0/0,5/5,0/0,0/0,0/0,2/0,0/0,0/0,0/0,0/0,0/0,0/0,0/0,0/0,0/0,0/0,0/0,0/0,0/0,0/0,0/0
20130326,6/6,0/0,0/0,0/0,0/0,1/1,0/0,0/0,0/0,0/0,0/0,17/3,0/0,2/0,4/4,0/0,0/0,0/0,2/0,0/0,0/0,0/0,5/5,0/0,4/0,0/0,0/0,0/0,0/0,0/0,0/0,0/0,0/0,0/0
20130327,1/1,0/0,0/0,0/0,0/0,5/5,0/0,0/0,0/0,0/0,0/0,12/5,3/3,15/10,4/4,0/0,0/0,0/0,2/0,0/0,0/0,0/0,0/0,0/0,0/0,0/0,0/0,0/0,0/0,0/0,0/0,0/0,0/0,0/0
20130328,0/0,0/0,0/0,4/4,0/0,1/1,0/0,0/0,0/0,0/0,0/0,0/0,5/5,11/11,5/5,0/0,0/0,31/0,3/0,0/0,0/0,0/0,9/2,0/0,0/0,0/0,0/0,0/0,0/0,0/0,0/0,0/0,0/0,0/0
20130329,0/0,0/0,0/0,0/0,1/1,4/4,0/0,0/0,0/0,0/0,1/0,2/2,3/3,2/2,14/12,0/0,0/0,0/0,1/0,0/0,0/0,0/0,3/0,0/0,0/0,0/0,0/0,0/0,0/0,0/0,0/0,0/0,0/0,0/0
20130330,0/0,1/1,0/0,0/0,3/2,0/0,0/0,0/0,0/0,0/0,0/0,2/1,3/3,7/7,6/6,0/0,0/0,0/0,2/0,0/0,0/0,0/0,0/0,0/0,0/0,0/0,0/0,0/0,0/0,0/0,0/0,0/0,0/0,0/0
20130331,0/0,0/0,0/0,0/0,0/0,0/0,0/0,0/0,0/0,0/0,0/0,1/1,4/4,8/7,9/8,0/0,0/0,0/0,2/0,0/0,0/0,0/0,0/0,0/0,0/0,0/0,0/0,0/0,0/0,0/0,0/0,0/0,0/0,0/0
20130401,2/2,0/0,0/0,3/3,0/0,6/5,0/0,0/0,0/0,1/1,0/0,8/7,9/9,8/8,5/5,0/0,0/0,0/0,2/0,0/0,0/0,0/0,0/0,0/0,3/0,0/0,0/0,0/0,0/0,0/0,0/0,0/0,0/0,0/0
20130402,9/9,0/0,0/0,8/8,0/0,4/4,0/0,0/0,0/0,2/2,0/0,13/13,5/5,6/6,14/14,0/0,2/2,0/0,3/0,0/0,0/0,0/0,0/0,0/0,15/0,0/0,0/0,0/0,0/0,0/0,0/0,0/0,0/0,0/0
20130403,0/0,0/0,0/0,0/0,0/0,0/0,0/0,0/0,6/0,0/0,0/0,2/2,4/4,12/12,16/16,1/0,0/0,26/0,2/0,0/0,0/0,0/0,0/0,0/0,0/0,0/0,0/0,0/0,0/0,0/0,0/0,0/0,0/0,0/0
20130404,4/4,0/0,0/0,0/0,0/0,0/0,0/0,0/0,0/0,0/0,0/0,11/5,2/2,7/7,12/6,0/0,4/4,10/0,2/0,0/0,0/0,0/0,0/0,0/0,0/0,0/0,0/0,0/0,0/0,0/0,0/0,0/0,0/0,0/0
20130405,0/0,1/1,0/0,0/0,0/0,0/0,0/0,0/0,0/0,0/0,0/0,0/0,0/0,0/0,19/19,0/0,0/0,0/0,2/0,0/0,0/0,0/0,0/0,0/0,0/0,0/0,0/0,0/0,0/0,0/0,0/0,0/0,0/0,0/0
20130406,0/0,0/0,0/0,0/0,0/0,0/0,0/0,0/0,1/0,0/0,0/0,0/0,4/4,3/3,13/13,0/0,0/0,0/0,2/0,0/0,0/0,0/0,0/0,0/0,8/0,0/0,0/0,0/0,0/0,0/0,0/0,0/0,0/0,0/0
20130407,4/4,0/0,0/0,0/0,0/0,0/0,0/0,0/0,0/0,5/5,0/0,7/0,4/4,3/2,12/9,0/0,1/1,0/0,2/0,0/0,0/0,0/0,18/12,0/0,28/28,0/0,0/0,0/0,0/0,0/0,0/0,0/0,0/0,0/0
20130408,8/8,0/0,0/0,4/4,0/0,4/4,0/0,0/0,5/0,2/2,0/0,0/0,0/0,0/0,2/2,0/0,0/0,0/0,2/0,0/0,0/0,0/0,6/5,0/0,2/2,0/0,0/0,0/0,0/0,0/0,0/0,0/0,0/0,0/0
20130409,8/8,0/0,0/0,9/9,0/0,0/0,0/0,0/0,0/0,0/0,0/0,0/0,0/0,0/0,0/0,0/0,0/0,18/10,0/0,0/0,0/0,0/0,0/0,0/0,0/0,0/0,0/0,0/0,0/0,0/0,0/0,0/0,0/0,0/0
20130410,3/2,0/0,0/0,0/0,0/0,0/0,0/0,0/0,0/0,0/0,0/0,0/0,0/0,2/0,2/2,0/0,0/0,1/1,0/0,0/0,0/0,0/0,1/1,0/0,0/0,0/0,0/0,0/0,0/0,0/0,0/0,0/0,0/0,0/0
20130411,4/4,0/0,0/0,9/9,0/0,9/9,0/0,0/0,0/0,0/0,0/0,0/0,0/0,2/0,1/1,0/0,0/0,2/2,0/0,0/0,0/0,0/0,0/0,0/0,0/0,0/0,0/0,0/0,0/0,0/0,0/0,0/0,0/0,0/0
20130412,2/2,0/0,0/0,0/0,0/0,6/6,0/0,0/0,0/0,0/0,0/0,0/0,0/0,0/0,0/0,0/0,3/3,0/0,0/0,0/0,0/0,0/0,1/1,0/0,0/0,0/0,0/0,0/0,0/0,0/0,0/0,0/0,0/0,0/0
20130413,0/0,0/0,0/0,0/0,0/0,9/9,0/0,0/0,2/0,3/3,0/0,0/0,0/0,0/0,2/2,0/0,2/2,0/0,0/0,0/0,0/0,0/0,1/1,0/0,0/0,0/0,0/0,0/0,0/0,0/0,0/0,0/0,0/0,0/0
20130414,0/0,0/0,0/0,0/0,0/0,0/0,0/0,0/0,0/0,0/0,0/0,0/0,0/0,0/0,1/1,0/0,0/0,0/0,0/0,0/0,0/0,0/0,5/5,0/0,0/0,0/0,0/0,0/0,0/0,0/0,0/0,0/0,0/0,0/0
20130415,7/7,0/0,0/0,6/6,0/0,4/4,0/0,0/0,1/1,0/0,0/0,0/0,0/0,0/0,1/1,0/0,0/0,0/0,0/0,0/0,0/0,0/0,4/4,0/0,0/0,0/0,0/0,0/0,0/0,0/0,0/0,0/0,0/0,0/0
20130416,18/18,0/0,0/0,1/1,0/0,4/4,0/0,0/0,0/0,0/0,0/0,0/0,0/0,0/0,2/2,0/0,0/0,0/0,0/0,0/0,0/0,0/0,1/1,0/0,0/0,0/0,0/0,0/0,0/0,0/0,0/0,0/0,0/0,0/0
20130417,7/7,0/0,0/0,8/8,0/0,7/7,0/0,0/0,0/0,0/0,0/0,0/0,0/0,0/0,11/10,0/0,2/2,0/0,0/0,0/0,0/0,0/0,0/0,0/0,0/0,0/0,0/0,0/0,0/0,0/0,0/0,0/0,0/0,0/0
20130418,8/8,0/0,0/0,9/9,0/0,8/8,0/0,0/0,0/0,0/0,0/0,0/0,0/0,0/0,4/4,0/0,0/0,0/0,0/0,0/0,0/0,0/0,0/0,0/0,0/0,0/0,0/0,0/0,0/0,0/0,0/0,0/0,0/0,0/0
20130419,7/7,0/0,0/0,6/6,0/0,2/2,0/0,0/0,0/0,0/0,0/0,0/0,0/0,0/0,4/4,0/0,0/0,1/1,0/0,0/0,0/0,0/0,0/0,0/0,0/0,0/0,0/0,0/0,0/0,0/0,0/0,0/0,0/0,0/0
20130420,8/8,0/0,0/0,6/6,0/0,10/10,0/0,0/0,1/1,0/0,0/0,0/0,0/0,0/0,15/15,0/0,0/0,0/0,0/0,0/0,0/0,0/0,1/1,0/0,0/0,0/0,0/0,0/0,0/0,0/0,0/0,0/0,0/0,0/0
20130421,7/7,0/0,0/0,0/0,0/0,0/0,0/0,0/0,0/0,1/1,0/0,0/0,0/0,0/0,5/5,0/0,1/1,0/0,0/0,0/0,0/0,0/0,0/0,0/0,0/0,0/0,0/0,0/0,0/0,0/0,0/0,0/0,0/0,0/0
20130422,19/19,0/0,0/0,9/9,0/0,0/0,0/0,0/0,0/0,0/0,0/0,0/0,0/0,0/0,9/9,0/0,0/0,0/0,0/0,0/0,0/0,0/0,2/2,0/0,0/0,0/0,0/0,0/0,0/0,0/0,0/0,0/0,0/0,0/0
20130423,8/8,0/0,0/0,7/7,0/0,0/0,0/0,0/0,1/1,0/0,0/0,0/0,0/0,16/0,19/19,0/0,1/1,4/4,0/0,0/0,0/0,0/0,0/0,0/0,0/0,0/0,0/0,0/0,0/0,0/0,0/0,0/0,0/0,0/0
20130424,7/7,0/0,0/0,7/7,0/0,4/4,0/0,0/0,2/2,0/0,0/0,0/0,0/0,0/0,14/8,0/0,12/3,0/0,0/0,0/0,0/0,0/0,2/2,0/0,0/0,0/0,0/0,0/0,0/0,0/0,0/0,0/0,0/0,0/0
20130425,5/5,0/0,0/0,6/6,0/0,5/5,0/0,0/0,5/1,0/0,0/0,0/0,0/0,0/0,8/0,3/0,17/16,0/0,0/0,0/0,0/0,0/0,2/2,0/0,0/0,0/0,0/0,0/0,0/0,0/0,0/0,0/0,0/0,0/0
20130426,4/4,0/0,0/0,7/7,0/0,0/0,0/0,0/0,0/0,0/0,0/0,1/0,0/0,0/0,1/1,0/0,7/7,0/0,0/0,0/0,0/0,0/0,0/0,0/0,0/0,0/0,0/0,0/0,0/0,0/0,0/0,1/0,0/0,0/0
20130427,8/8,0/0,0/0,0/0,0/0,1/1,0/0,0/0,0/0,0/0,0/0,16/11,3/3,0/0,0/0,0/0,3/3,7/0,1/0,0/0,0/0,0/0,0/0,0/0,0/0,0/0,0/0,0/0,0/0,0/0,0/0,0/0,0/0,0/0
20130428,0/0,0/0,0/0,5/5,0/0,6/6,0/0,0/0,0/0,0/0,0/0,6/6,4/4,1/1,1/1,0/0,2/2,0/0,1/0,0/0,0/0,0/0,2/2,0/0,0/0,0/0,0/0,0/0,0/0,0/0,0/0,0/0,0/0,0/0
20130429,7/7,0/0,0/0,8/8,0/0,4/4,0/0,0/0,6/0,0/0,0/0,2/2,2/2,4/4,1/1,0/0,0/0,6/5,0/0,0/0,0/0,0/0,11/2,0/0,0/0,0/0,0/0,0/0,0/0,0/0,0/0,0/0,0/0,0/0
20130430,9/9,0/0,0/0,6/6,0/0,0/0,0/0,0/0,0/0,0/0,0/0,1/1,1/1,3/3,2/2,0/0,0/0,0/0,0/0,0/0,0/0,0/0,9/0,0/0,0/0,0/0,0/0,0/0,0/0,0/0,0/0,0/0,0/0,0/0
20130501,0/0,0/0,0/0,0/0,0/0,0/0,0/0,0/0,0/0,1/1,0/0,11/8,2/2,11/10,4/4,0/0,1/1,0/0,0/0,0/0,0/0,0/0,2/0,0/0,0/0,0/0,0/0,0/0,0/0,0/0,0/0,0/0,0/0,0/0
20130502,0/0,0/0,0/0,0/0,0/0,6/6,0/0,0/0,1/1,0/0,0/0,6/4,5/5,1/1,4/4,0/0,0/0,0/0,0/0,0/0,0/0,0/0,0/0,0/0,0/0,0/0,0/0,0/0,0/0,0/0,0/0,0/0,0/0,0/0
20130503,4/4,0/0,0/0,0/0,0/0,5/5,1/1,0/0,0/0,0/0,0/0,0/0,2/2,0/0,4/4,0/0,0/0,0/0,0/0,0/0,0/0,0/0,0/0,0/0,18/0,0/0,0/0,0/0,0/0,0/0,0/0,0/0,0/0,0/0
20130504,0/0,0/0,0/0,0/0,0/0,0/0,0/0,0/0,0/0,0/0,0/0,5/3,1/1,0/0,2/2,0/0,0/0,0/0,1/0,0/0,0/0,0/0,1/0,0/0,1/0,0/0,0/0,0/0,0/0,0/0,0/0,0/0,0/0,0/0
20130505,0/0,0/0,0/0,0/0,0/0,0/0,0/0,0/0,0/0,0/0,0/0,9/3,1/1,2/0,1/1,0/0,0/0,0/0,0/0,0/0,0/0,1/0,0/0,0/0,0/0,0/0,0/0,0/0,0/0,0/0,0/0,0/0,0/0,0/0
20130506,0/0,0/0,0/0,0/0,0/0,0/0,0/0,0/0,0/0,0/0,0/0,0/0,0/0,1/1,11/9,0/0,0/0,0/0,0/0,0/0,0/0,0/0,0/0,0/0,2/0,0/0,0/0,0/0,0/0,0/0,0/0,0/0,0/0,0/0
20130507,1/1,0/0,0/0,5/5,0/0,8/8,0/0,0/0,2/2,0/0,0/0,4/0,4/4,9/9,7/7,0/0,1/1,0/0,0/0,0/0,0/0,0/0,0/0,0/0,3/0,0/0,0/0,0/0,0/0,0/0,0/0,0/0,0/0,0/0
20130508,1/1,0/0,0/0,4/4,0/0,20/19,0/0,0/0,8/0,0/0,1/1,0/0,5/5,1/1,7/7,0/0,0/0,0/0,0/0,0/0,0/0,0/0,0/0,0/0,7/0,0/0,0/0,0/0,0/0,0/0,0/0,0/0,0/0,0/0
20130509,0/0,0/0,0/0,0/0,0/0,2/2,0/0,0/0,5/0,1/1,0/0,0/0,2/2,0/0,4/4,0/0,0/0,0/0,0/0,0/0,0/0,0/0,8/2,0/0,0/0,0/0,0/0,0/0,0/0,0/0,0/0,0/0,0/0,0/0
20130510,6/6,0/0,0/0,10/9,0/0,7/7,2/2,0/0,0/0,1/1,0/0,1/0,3/3,0/0,3/3,0/0,0/0,2/0,0/0,0/0,0/0,0/0,9/9,0/0,0/0,0/0,0/0,0/0,0/0,0/0,0/0,0/0,0/0,0/0
20130511,0/0,0/0,0/0,0/0,0/0,3/3,0/0,0/0,0/0,0/0,0/0,0/0,6/6,12/11,0/0,0/0,0/0,0/0,0/0,0/0,0/0,0/0,3/3,0/0,0/0,0/0,0/0,0/0,0/0,0/0,0/0,0/0,0/0,0/0
20130512,7/7,0/0,0/0,0/0,0/0,3/3,0/0,0/0,2/0,0/0,1/0,1/0,8/8,20/20,2/2,0/0,0/0,0/0,0/0,0/0,0/0,0/0,0/0,0/0,0/0,0/0,0/0,0/0,0/0,0/0,0/0,0/0,0/0,0/0
20130513,3/3,0/0,0/0,0/0,0/0,0/0,6/6,0/0,1/0,0/0,1/0,3/0,4/4,10/8,3/3,0/0,1/1,0/0,0/0,0/0,0/0,0/0,10/10,0/0,1/1,0/0,0/0,0/0,0/0,0/0,0/0,0/0,0/0,0/0
20130514,8/8,0/0,8/8,0/0,0/0,0/0,0/0,1/1,1/0,0/0,1/0,1/1,1/1,0/0,21/21,0/0,0/0,0/0,0/0,0/0,0/0,0/0,3/3,0/0,0/0,0/0,0/0,0/0,0/0,0/0,0/0,0/0,0/0,0/0
20130515,7/7,0/0,0/0,0/0,0/0,0/0,2/2,0/0,0/0,0/0,1/0,0/0,2/2,1/1,16/12,0/0,1/1,0/0,0/0,0/0,0/0,0/0,3/3,0/0,0/0,0/0,0/0,0/0,0/0,0/0,0/0,0/0,0/0,0/0
20130516,9/9,0/0,0/0,3/3,0/0,0/0,1/1,0/0,0/0,0/0,1/0,1/0,7/7,2/2,7/6,0/0,1/0,0/0,0/0,0/0,0/0,0/0,0/0,0/0,0/0,0/0,0/0,0/0,0/0,0/0,0/0,0/0,0/0,0/0
20130517,1/1,0/0,0/0,5/5,0/0,0/0,1/1,0/0,0/0,0/0,1/0,3/2,3/3,4/4,5/5,0/0,0/0,0/0,0/0,0/0,0/0,1/1,5/5,0/0,0/0,0/0,0/0,0/0,0/0,0/0,0/0,0/0,0/0,0/0
20130518,0/0,0/0,2/1,2/2,0/0,0/0,0/0,0/0,0/0,0/0,1/0,14/12,1/1,2/1,1/1,0/0,0/0,0/0,0/0,0/0,0/0,0/0,7/6,0/0,0/0,0/0,0/0,0/0,0/0,0/0,0/0,0/0,0/0,0/0
20130519,1/1,0/0,0/0,0/0,0/0,0/0,5/5,6/6,0/0,0/0,1/0,6/6,1/1,5/3,12/12,0/0,0/0,0/0,0/0,0/0,0/0,0/0,0/0,0/0,0/0,0/0,0/0,0/0,0/0,0/0,0/0,0/0,0/0,0/0
20130520,8/8,0/0,0/0,1/1,0/0,0/0,3/3,0/0,0/0,0/0,1/0,8/1,0/0,1/1,9/9,0/0,0/0,0/0,0/0,0/0,0/0,0/0,0/0,0/0,0/0,0/0,0/0,0/0,0/0,0/0,0/0,0/0,0/0,0/0
20130521,6/6,0/0,0/0,3/3,0/0,0/0,2/2,0/0,0/0,0/0,1/0,1/1,4/4,4/4,10/10,0/0,0/0,0/0,0/0,0/0,0/0,0/0,11/11,0/0,0/0,0/0,0/0,0/0,0/0,0/0,0/0,0/0,0/0,0/0
20130522,16/16,0/0,0/0,19/19,0/0,5/5,1/1,0/0,0/0,0/0,1/0,0/0,0/0,0/0,13/9,0/0,0/0,0/0,1/0,0/0,0/0,0/0,0/0,0/0,0/0,0/0,0/0,0/0,0/0,0/0,0/0,0/0,0/0,0/0
20130523,0/0,0/0,0/0,0/0,0/0,0/0,0/0,0/0,0/0,0/0,1/0,0/0,2/2,1/1,7/7,0/0,0/0,0/0,0/0,0/0,0/0,0/0,0/0,0/0,0/0,0/0,0/0,0/0,0/0,0/0,0/0,0/0,0/0,0/0
20130524,0/0,0/0,0/0,0/0,0/0,4/4,0/0,0/0,0/0,0/0,1/0,1/0,4/4,9/9,6/6,0/0,0/0,0/0,0/0,0/0,0/0,0/0,0/0,0/0,0/0,0/0,0/0,0/0,0/0,0/0,0/0,0/0,0/0,0/0
20130525,1/1,0/0,0/0,0/0,0/0,1/1,1/1,0/0,0/0,0/0,1/0,0/0,1/1,4/4,8/8,0/0,0/0,0/0,0/0,0/0,0/0,0/0,0/0,0/0,0/0,0/0,0/0,0/0,0/0,0/0,0/0,0/0,0/0,0/0
20130526,10/10,0/0,0/0,15/15,5/5,6/6,0/0,0/0,0/0,0/0,1/0,6/2,4/4,17/5,15/14,0/0,0/0,0/0,0/0,0/0,0/0,2/0,0/0,0/0,1/1,0/0,0/0,0/0,0/0,0/0,0/0,0/0,0/0,0/0
20130527,3/2,0/0,6/6,4/4,1/1,8/8,0/0,0/0,0/0,0/0,1/0,5/2,2/2,8/3,4/4,0/0,0/0,0/0,0/0,0/0,0/0,0/0,12/5,0/0,0/0,0/0,0/0,0/0,0/0,0/0,0/0,0/0,0/0,0/0
20130528,20/20,0/0,0/0,16/16,0/0,26/25,0/0,0/0,0/0,0/0,1/0,1/1,1/1,0/0,8/8,0/0,1/1,0/0,0/0,0/0,0/0,0/0,11/0,0/0,1/0,0/0,0/0,0/0,0/0,0/0,0/0,0/0,0/0,0/0
20130529,3/3,0/0,0/0,2/2,0/0,11/10,0/0,0/0,0/0,0/0,1/0,2/0,5/5,2/2,16/10,0/0,11/0,0/0,0/0,0/0,0/0,0/0,1/0,0/0,15/0,0/0,0/0,0/0,0/0,0/0,0/0,0/0,0/0,0/0
20130530,0/0,0/0,1/1,3/3,0/0,3/3,0/0,0/0,0/0,0/0,1/0,0/0,5/5,13/10,28/0,0/0,7/0,0/0,0/0,16/11,0/0,0/0,0/0,0/0,0/0,0/0,0/0,0/0,0/0,0/0,0/0,0/0,0/0,0/0
20130531,7/7,0/0,0/0,13/13,2/2,3/3,0/0,0/0,2/0,0/0,1/0,15/2,2/2,4/2,0/0,0/0,0/0,0/0,0/0,0/0,0/0,0/0,0/0,0/0,7/0,0/0,0/0,0/0,0/0,0/0,0/0,0/0,0/0,0/0
20130601,0/0,0/0,0/0,0/0,1/1,5/5,0/0,0/0,0/0,0/0,1/0,6/1,11/10,7/6,0/0,0/0,7/0,0/0,0/0,0/0,0/0,0/0,0/0,0/0,1/0,0/0,0/0,0/0,0/0,0/0,0/0,0/0,0/0,0/0
20130602,7/7,0/0,0/0,10/10,0/0,13/13,0/0,0/0,0/0,0/0,1/0,3/2,0/0,6/4,9/0,0/0,15/0,0/0,0/0,0/0,0/0,0/0,0/0,0/0,0/0,0/0,0/0,0/0,0/0,0/0,0/0,0/0,0/0,0/0
20130603,8/8,0/0,0/0,15/15,0/0,0/0,0/0,0/0,0/0,0/0,1/0,2/1,0/0,4/4,0/0,0/0,0/0,0/0,0/0,0/0,0/0,0/0,0/0,0/0,1/0,0/0,0/0,0/0,0/0,0/0,0/0,0/0,0/0,0/0
20130604,0/0,0/0,0/0,0/0,0/0,0/0,0/0,0/0,0/0,0/0,1/0,7/5,0/0,3/1,0/0,0/0,0/0,0/0,0/0,0/0,0/0,0/0,0/0,0/0,0/0,0/0,0/0,0/0,0/0,0/0,0/0,0/0,0/0,0/0
20130605,2/2,0/0,0/0,0/0,0/0,0/0,0/0,0/0,0/0,0/0,1/0,13/5,0/0,7/6,0/0,0/0,0/0,0/0,1/0,0/0,0/0,0/0,0/0,0/0,2/0,0/0,0/0,0/0,0/0,0/0,0/0,0/0,0/0,0/0
20130606,2/2,0/0,0/0,4/4,0/0,0/0,0/0,0/0,0/0,0/0,1/0,21/6,1/1,0/0,0/0,0/0,0/0,0/0,0/0,0/0,0/0,0/0,0/0,0/0,0/0,0/0,0/0,0/0,0/0,0/0,0/0,0/0,0/0,0/0
20130607,2/2,0/0,0/0,0/0,0/0,0/0,0/0,0/0,0/0,0/0,1/0,1/1,2/2,0/0,0/0,0/0,0/0,0/0,0/0,0/0,0/0,0/0,10/6,0/0,0/0,1/0,0/0,0/0,0/0,0/0,0/0,0/0,0/0,0/0
20130608,2/2,0/0,0/0,4/4,0/0,0/0,0/0,0/0,0/0,0/0,6/0,1/0,3/3,0/0,0/0,0/0,0/0,0/0,0/0,0/0,0/0,0/0,0/0,0/0,0/0,0/0,0/0,0/0,0/0,0/0,0/0,0/0,0/0,0/0
20130609,0/0,0/0,0/0,0/0,0/0,0/0,0/0,0/0,0/0,0/0,1/0,6/3,1/1,9/9,0/0,0/0,0/0,0/0,0/0,0/0,0/0,0/0,0/0,0/0,0/0,0/0,0/0,0/0,0/0,0/0,0/0,0/0,0/0,0/0
20130610,0/0,0/0,0/0,0/0,0/0,0/0,0/0,0/0,0/0,0/0,1/0,0/0,4/4,11/10,0/0,0/0,0/0,0/0,0/0,0/0,0/0,0/0,1/1,0/0,0/0,0/0,0/0,0/0,0/0,0/0,0/0,0/0,0/0,0/0
20130611,0/0,0/0,0/0,0/0,1/1,0/0,0/0,0/0,0/0,0/0,1/0,0/0,2/2,16/16,1/0,0/0,2/0,0/0,0/0,0/0,0/0,0/0,2/2,0/0,0/0,0/0,0/0,0/0,0/0,0/0,0/0,0/0,0/0,0/0
20130612,0/0,0/0,0/0,0/0,0/0,0/0,0/0,0/0,0/0,0/0,1/0,0/0,0/0,14/14,6/0,0/0,0/0,0/0,0/0,0/0,0/0,0/0,0/0,0/0,2/2,0/0,0/0,0/0,0/0,0/0,0/0,0/0,0/0,0/0
20130613,0/0,0/0,7/7,0/0,0/0,0/0,0/0,0/0,0/0,0/0,1/0,0/0,3/3,3/3,6/0,0/0,4/0,0/0,0/0,0/0,0/0,0/0,0/0,0/0,0/0,0/0,0/0,0/0,0/0,0/0,0/0,0/0,0/0,0/0
20130614,0/0,0/0,0/0,0/0,0/0,0/0,0/0,0/0,0/0,0/0,1/0,1/0,4/4,7/7,11/2,0/0,0/0,0/0,0/0,0/0,0/0,0/0,1/1,0/0,0/0,0/0,0/0,0/0,0/0,0/0,0/0,0/0,0/0,0/0
20130615,0/0,0/0,0/0,0/0,0/0,0/0,0/0,0/0,0/0,0/0,1/0,0/0,2/2,5/5,5/5,0/0,3/3,0/0,0/0,0/0,0/0,0/0,0/0,0/0,0/0,0/0,0/0,0/0,0/0,0/0,0/0,0/0,0/0,0/0
20130616,1/1,0/0,0/0,0/0,0/0,0/0,0/0,0/0,0/0,0/0,1/0,0/0,7/7,18/14,6/5,0/0,22/16,0/0,0/0,0/0,0/0,0/0,0/0,0/0,0/0,0/0,0/0,0/0,0/0,0/0,0/0,0/0,0/0,0/0
20130617,1/1,0/0,0/0,0/0,1/1,0/0,0/0,0/0,0/0,0/0,1/0,0/0,9/9,20/20,0/0,0/0,0/0,0/0,0/0,0/0,0/0,0/0,2/0,0/0,0/0,1/0,0/0,0/0,0/0,0/0,0/0,0/0,0/0,0/0
20130618,4/4,0/0,0/0,1/1,0/0,0/0,2/2,0/0,0/0,0/0,1/0,0/0,3/3,10/7,0/0,0/0,0/0,0/0,0/0,0/0,0/0,0/0,5/0,0/0,0/0,0/0,0/0,0/0,0/0,0/0,0/0,0/0,0/0,0/0
20130619,0/0,0/0,0/0,0/0,0/0,1/1,1/1,0/0,1/0,0/0,1/0,2/1,0/0,8/8,3/2,0/0,1/1,0/0,0/0,0/0,0/0,0/0,0/0,0/0,0/0,0/0,0/0,0/0,0/0,0/0,0/0,0/0,0/0,0/0
20130620,13/13,0/0,0/0,20/20,0/0,27/27,5/5,6/6,0/0,0/0,2/0,0/0,5/5,11/11,0/0,0/0,0/0,0/0,0/0,0/0,0/0,0/0,0/0,0/0,0/0,2/0,0/0,0/0,0/0,0/0,0/0,0/0,1/0,0/0
20130621,0/0,0/0,0/0,0/0,0/0,13/13,1/1,0/0,0/0,0/0,1/0,19/19,1/1,23/16,20/20,0/0,0/0,0/0,1/0,0/0,0/0,0/0,11/11,0/0,0/0,1/0,0/0,0/0,0/0,0/0,0/0,0/0,0/0,0/0
20130622,0/0,0/0,0/0,0/0,0/0,8/8,1/1,3/3,0/0,0/0,1/0,3/3,2/2,14/14,0/0,0/0,0/0,0/0,0/0,0/0,0/0,0/0,2/2,0/0,0/0,0/0,0/0,0/0,0/0,0/0,0/0,0/0,0/0,0/0
20130623,0/0,0/0,0/0,0/0,0/0,5/5,0/0,0/0,0/0,0/0,1/0,8/1,0/0,20/14,0/0,0/0,1/0,0/0,0/0,0/0,0/0,0/0,0/0,0/0,0/0,0/0,0/0,0/0,0/0,0/0,0/0,0/0,0/0,0/0
20130624,0/0,0/0,0/0,2/1,0/0,6/6,0/0,0/0,0/0,0/0,1/0,5/3,0/0,1/1,0/0,0/0,0/0,0/0,0/0,0/0,0/0,0/0,2/2,0/0,1/1,0/0,0/0,0/0,0/0,0/0,0/0,0/0,0/0,0/0
20130625,0/0,0/0,0/0,0/0,0/0,4/4,0/0,0/0,0/0,0/0,1/0,2/1,0/0,1/1,0/0,0/0,1/0,0/0,0/0,0/0,0/0,0/0,0/0,0/0,0/0,0/0,0/0,0/0,0/0,0/0,0/0,0/0,0/0,0/0
20130626,0/0,0/0,1/1,0/0,0/0,2/2,0/0,0/0,0/0,0/0,1/0,0/0,1/1,9/9,6/5,0/0,0/0,4/4,0/0,0/0,0/0,0/0,0/0,0/0,0/0,0/0,0/0,0/0,0/0,0/0,0/0,0/0,0/0,0/0
20130627,0/0,0/0,0/0,7/6,0/0,7/7,0/0,0/0,0/0,0/0,1/0,0/0,4/4,14/13,2/2,0/0,0/0,3/3,1/0,0/0,0/0,6/4,0/0,0/0,0/0,0/0,0/0,0/0,0/0,0/0,0/0,0/0,0/0,0/0
20130628,4/4,0/0,0/0,8/8,0/0,7/7,0/0,0/0,0/0,0/0,1/0,0/0,6/6,4/4,0/0,0/0,0/0,0/0,0/0,0/0,0/0,1/1,0/0,0/0,0/0,0/0,0/0,0/0,0/0,0/0,0/0,0/0,0/0,0/0
20130629,2/2,0/0,0/0,0/0,0/0,6/6,0/0,0/0,0/0,0/0,1/0,0/0,4/4,10/10,0/0,0/0,4/4,0/0,0/0,40/0,0/0,0/0,6/6,0/0,0/0,0/0,0/0,0/0,0/0,0/0,0/0,0/0,0/0,0/0
20130630,0/0,0/0,0/0,0/0,0/0,7/6,0/0,0/0,0/0,0/0,1/0,0/0,3/3,11/11,1/1,0/0,2/2,0/0,0/0,0/0,0/0,2/0,30/30,0/0,0/0,0/0,0/0,0/0,0/0,0/0,0/0,0/0,0/0,0/0
20130701,0/0,0/0,0/0,5/5,0/0,3/3,0/0,0/0,0/0,0/0,1/0,9/4,2/2,18/17,0/0,0/0,0/0,0/0,0/0,0/0,0/0,0/0,21/20,0/0,0/0,0/0,0/0,0/0,0/0,0/0,0/0,0/0,0/0,0/0
20130702,0/0,0/0,0/0,7/7,0/0,0/0,0/0,0/0,0/0,0/0,1/0,6/4,6/6,20/12,1/1,0/0,0/0,0/0,0/0,0/0,0/0,0/0,30/30,0/0,0/0,0/0,0/0,0/0,0/0,0/0,0/0,0/0,0/0,0/0
20130703,0/0,0/0,0/0,4/4,0/0,9/9,0/0,0/0,0/0,0/0,1/0,2/2,2/2,26/26,2/2,0/0,0/0,0/0,0/0,0/0,0/0,0/0,22/22,0/0,0/0,0/0,0/0,0/0,0/0,0/0,0/1,0/0,0/0,0/0
20130704,0/0,0/0,0/0,0/0,0/0,5/5,0/0,0/0,0/0,0/0,1/0,2/1,5/5,22/17,8/2,0/0,0/0,0/0,0/0,0/0,0/0,0/0,30/24,0/0,0/0,0/0,0/0,0/0,0/0,0/0,0/0,0/0,0/0,0/0
20130705,0/0,0/0,0/0,0/0,0/0,0/0,0/0,0/0,1/0,0/0,3/0,8/2,0/0,18/11,3/3,0/0,1/1,1/0,0/0,0/0,0/0,0/0,4/0,0/0,0/0,0/0,0/0,0/0,0/0,0/0,0/0,0/0,0/0,0/0
20130706,0/0,0/0,0/0,0/0,0/0,4/4,0/0,0/0,0/0,0/0,1/0,0/0,2/2,6/6,0/0,0/0,0/0,0/0,0/0,0/0,0/0,0/0,1/0,0/0,0/0,0/0,0/0,0/0,0/0,0/0,0/0,0/0,0/0,0/0
20130707,1/1,0/0,0/0,0/0,3/3,8/8,0/0,0/0,0/0,0/0,1/0,0/0,0/0,21/20,0/0,0/0,0/0,0/0,0/0,0/0,0/0,0/0,0/0,0/0,8/0,0/0,0/0,0/0,0/0,0/0,0/0,0/0,0/0,0/0
20130708,0/0,0/0,0/0,0/0,1/1,6/6,0/0,0/0,0/0,0/0,1/0,7/6,1/1,10/8,14/14,0/0,0/0,7/5,1/0,0/0,0/0,0/0,0/0,0/0,30/0,0/0,0/0,0/0,0/0,0/0,0/0,0/0,0/0,0/0
20130709,5/5,0/0,0/0,10/9,0/0,6/6,0/0,0/0,0/0,0/0,1/0,0/0,0/0,0/0,2/2,0/0,0/0,0/0,0/0,0/0,0/0,0/0,1/0,0/0,0/0,0/0,0/0,0/0,0/0,0/0,0/0,0/0,0/0,0/0
20130710,10/10,0/0,0/0,0/0,0/0,5/5,0/0,0/0,0/0,0/0,1/0,4/0,0/0,4/4,10/10,0/0,0/0,0/0,0/0,0/0,0/0,0/0,0/0,0/0,0/0,0/0,0/0,0/0,0/0,0/0,0/0,0/0,0/0,0/0
20130711,1/1,0/0,0/0,3/3,0/0,8/8,0/0,0/0,0/0,0/0,1/0,4/1,0/0,0/0,4/4,0/0,0/0,0/0,0/0,0/0,0/0,0/0,0/0,0/0,0/0,0/0,0/0,0/0,0/0,0/0,0/0,0/0,0/0,0/0
20130712,1/1,0/0,0/0,0/0,0/0,16/15,0/0,0/0,0/0,0/0,4/0,3/1,0/0,1/1,4/4,0/0,0/0,0/0,0/0,0/0,0/0,0/0,0/0,0/0,2/0,0/0,0/0,0/0,0/0,0/0,0/0,0/0,0/0,0/0
20130713,0/0,3/3,0/0,0/0,5/5,6/6,0/0,0/0,0/0,0/0,1/0,19/0,0/0,14/11,0/0,0/0,3/3,0/0,0/0,0/0,0/0,0/0,0/0,0/0,0/0,0/0,0/0,0/0,0/0,0/0,0/0,0/0,0/0,0/0
20130714,0/0,0/0,0/0,3/3,0/0,5/5,0/0,0/0,0/0,0/0,1/0,0/0,2/2,2/2,0/0,0/0,0/0,0/0,0/0,0/0,0/0,1/1,14/0,0/0,1/1,0/0,0/0,0/0,0/0,0/0,0/0,0/0,0/0,0/0
20130715,1/1,0/0,0/0,0/0,0/0,5/5,0/0,0/0,0/0,0/0,1/0,0/0,7/7,2/2,1/1,0/0,0/0,0/0,0/0,0/0,0/0,0/0,15/15,0/0,0/0,0/0,0/0,0/0,0/0,0/0,0/0,0/0,0/0,0/0
20130716,0/0,0/0,0/0,1/1,0/0,1/1,0/0,0/0,0/0,0/0,1/0,0/0,2/2,15/15,14/3,0/0,0/0,0/0,0/0,0/0,0/0,0/0,1/1,0/0,0/0,0/0,0/0,0/0,0/0,0/0,0/0,0/0,0/0,0/0
20130717,1/1,0/0,0/0,9/8,0/0,3/3,0/0,0/0,0/0,0/0,1/0,0/0,7/7,4/4,25/16,0/0,0/0,0/0,0/0,0/0,0/0,0/0,0/0,0/0,0/0,0/0,0/0,0/0,0/0,0/0,0/0,0/0,0/0,0/0
20130718,0/0,0/0,0/0,17/17,0/0,5/5,0/0,0/0,0/0,0/0,1/0,2/1,4/4,14/12,5/5,0/0,0/0,0/0,0/0,0/0,0/0,0/0,5/5,0/0,0/0,0/0,0/0,0/0,0/0,0/0,0/0,0/0,0/0,0/0
20130719,9/9,0/0,0/0,6/6,0/0,1/1,0/0,0/0,0/0,0/0,1/0,5/0,5/5,22/12,0/0,0/0,6/6,0/0,0/0,0/0,0/0,0/0,0/0,0/0,0/0,0/0,0/0,0/0,0/0,0/0,0/0,0/0,0/0,0/0
20130720,0/0,0/0,0/0,0/0,0/0,10/10,0/0,0/0,0/0,0/0,1/0,4/2,7/7,4/4,0/0,0/0,3/3,10/0,1/0,0/0,0/0,0/0,4/4,0/0,0/0,0/0,0/0,0/0,0/0,0/0,0/0,0/0,0/0,0/0
20130721,0/0,0/0,0/0,1/1,0/0,3/3,0/0,0/0,0/0,0/0,1/0,3/0,1/1,2/2,1/1,0/0,0/0,0/0,1/0,0/0,0/0,0/0,1/1,0/0,0/0,0/0,0/0,0/0,0/0,0/0,0/0,0/0,0/0,0/0
20130722,5/5,0/0,0/0,0/0,0/0,8/8,0/0,0/0,0/0,0/0,1/0,5/2,1/1,1/1,2/2,0/0,0/0,0/0,0/0,0/0,0/0,0/0,1/1,0/0,0/0,0/0,0/0,0/0,0/0,0/0,0/0,0/0,0/0,0/0
20130723,1/1,0/0,0/0,5/5,0/0,0/0,0/0,8/8,0/0,0/0,1/0,11/0,2/2,4/1,0/0,0/0,0/0,0/0,2/0,0/0,0/0,0/0,8/8,0/0,0/0,0/0,0/0,0/0,0/0,0/0,0/0,0/0,0/0,0/0
20130724,1/1,0/0,0/0,5/5,0/0,0/0,0/0,0/0,0/0,0/0,1/0,0/0,4/4,3/3,2/2,0/0,0/0,0/0,0/0,0/0,0/0,0/0,6/6,0/0,0/0,0/0,0/0,0/0,0/0,0/0,0/0,0/0,0/0,0/0
20130725,4/4,0/0,0/0,8/8,0/0,4/4,0/0,1/1,0/0,0/0,1/0,2/0,1/1,6/5,0/0,0/0,0/0,0/0,0/0,0/0,1/1,0/0,0/0,0/0,0/0,0/0,0/0,0/0,0/0,0/0,0/0,0/0,0/0,0/0
20130726,10/9,0/0,0/0,4/4,0/0,9/9,0/0,0/0,0/0,0/0,1/0,0/0,6/6,23/11,0/0,0/0,0/0,0/0,0/0,0/0,0/0,0/0,4/4,0/0,0/0,0/0,0/0,0/0,0/0,0/0,0/0,0/0,0/0,0/0
20130727,7/7,0/0,0/0,0/0,0/0,23/23,0/0,2/2,0/0,0/0,1/0,0/0,2/2,27/21,1/1,0/0,0/0,0/0,0/0,0/0,0/0,0/0,0/0,0/0,0/0,0/0,0/0,0/0,0/0,0/0,0/0,0/0,0/0,0/0
20130728,0/0,0/0,0/0,0/0,0/0,2/2,0/0,0/0,0/0,0/0,1/0,0/0,11/11,19/17,1/1,0/0,0/0,0/0,0/0,0/0,0/0,0/0,0/0,0/0,0/0,0/0,0/0,0/0,0/0,0/0,0/0,0/0,0/0,0/0
20130729,0/0,0/0,0/0,0/0,0/0,0/0,0/0,0/0,0/0,0/0,1/0,3/1,10/10,5/3,2/2,0/0,0/0,0/0,0/0,0/0,0/0,0/0,0/0,0/0,0/0,0/0,0/0,0/0,0/0,0/0,0/0,0/0,0/0,0/0
20130730,5/5,0/0,0/0,6/6,0/0,7/7,1/1,0/0,0/0,0/0,4/0,1/0,2/2,8/8,1/1,0/0,0/0,0/0,0/0,0/0,0/0,0/0,0/0,0/0,0/0,0/0,0/0,0/0,0/0,0/0,0/0,0/0,0/0,0/0
20130731,0/0,0/0,0/0,0/0,0/0,10/10,2/2,0/0,0/0,0/0,2/0,0/0,0/0,5/5,4/2,0/0,0/0,0/0,0/0,0/0,0/0,0/0,1/1,0/0,0/0,0/0,0/0,0/0,0/0,0/0,0/0,0/0,0/0,0/0
20130801,0/0,0/0,0/0,0/0,1/1,8/8,0/0,1/1,9/0,0/0,6/0,0/0,2/2,16/16,15/0,0/0,4/0,0/0,0/0,0/0,0/0,0/0,13/0,0/0,0/0,0/0,0/0,0/0,0/0,0/0,0/0,0/0,0/0,0/0
20130802,3/3,0/0,0/0,2/2,0/0,5/5,0/0,0/0,0/0,0/0,1/0,0/0,0/0,18/18,2/1,0/0,0/0,0/0,0/0,0/0,0/0,0/0,0/0,0/0,7/0,0/0,0/0,0/0,0/0,0/0,0/0,0/0,0/0,0/0
20130803,0/0,0/0,0/0,0/0,0/0,6/6,0/0,0/0,0/0,0/0,1/0,6/0,0/0,17/10,0/0,0/0,0/0,0/0,0/0,0/0,0/0,0/0,11/0,0/0,0/0,0/0,0/0,0/0,0/0,0/0,0/0,0/0,0/0,0/0
20130804,0/0,0/0,0/0,0/0,0/0,10/10,0/0,0/0,0/0,0/0,1/0,0/0,0/0,17/15,2/2,0/0,0/0,0/0,0/0,0/0,0/0,0/0,0/0,0/0,13/0,0/0,0/0,0/0,0/0,0/0,0/0,0/0,0/0,0/0
20130805,0/0,0/0,0/0,0/0,0/0,5/5,0/0,0/0,0/0,0/0,1/0,8/0,1/1,22/21,2/2,0/0,0/0,0/0,0/0,0/0,0/0,0/0,0/0,0/0,1/0,0/0,0/0,0/0,0/0,0/0,0/0,0/0,0/0,0/0
20130806,0/0,0/0,0/0,0/0,0/0,9/8,0/0,0/0,1/0,0/0,1/0,21/4,0/0,1/0,6/6,0/0,0/0,0/0,1/0,0/0,0/0,0/0,0/0,0/0,0/0,0/0,0/0,0/0,0/0,0/0,0/0,0/0,0/0,0/0
20130807,0/0,0/0,0/0,0/0,0/0,17/17,0/0,0/0,2/0,3/2,0/0,0/0,0/0,2/0,5/5,0/0,0/0,0/0,0/0,0/0,0/0,0/0,0/0,0/0,0/0,0/0,0/0,0/0,0/0,0/0,0/0,0/0,0/0,0/0
20130808,0/0,0/0,0/0,0/0,0/0,3/3,0/0,0/0,0/0,3/3,0/0,0/0,0/0,0/0,13/12,0/0,0/0,0/0,0/0,0/0,0/0,0/0,0/0,0/0,3/0,0/0,0/0,0/0,0/0,0/0,0/0,0/0,0/0,0/0
20130809,0/0,0/0,0/0,5/4,0/0,0/0,0/0,0/0,0/0,0/0,0/0,1/0,0/0,0/0,9/9,0/0,1/1,0/0,0/0,0/0,0/0,0/0,0/0,0/0,9/0,0/0,0/0,0/0,0/0,0/0,0/0,0/0,0/0,0/0
20130810,0/0,0/0,0/0,0/0,0/0,7/7,0/0,0/0,1/1,3/3,0/0,1/0,6/5,0/0,10/10,0/0,1/1,0/0,0/0,0/0,0/0,0/0,0/0,0/0,0/0,0/0,0/0,0/0,0/0,0/0,0/0,0/0,0/0,0/0
20130811,0/0,0/0,0/0,0/0,0/0,9/9,0/0,0/0,9/1,0/0,0/0,0/0,1/1,5/5,15/15,0/0,0/0,0/0,0/0,0/0,0/0,0/0,7/6,0/0,0/0,0/0,0/0,0/0,0/0,0/0,0/0,0/0,0/0,0/0
20130812,0/0,0/0,0/0,0/0,0/0,8/8,0/0,0/0,0/0,0/0,1/0,0/0,0/0,10/9,16/8,0/0,0/0,0/0,0/0,0/0,0/0,0/0,0/0,0/0,0/0,0/0,0/0,0/0,0/0,0/0,0/0,0/0,0/0,0/0
20130813,0/0,0/0,0/0,0/0,0/0,9/9,0/0,0/0,0/0,0/0,1/0,2/1,2/2,2/2,7/7,1/0,0/0,0/0,0/0,0/0,0/0,0/0,1/1,0/0,0/0,0/0,0/0,0/0,0/0,0/0,0/0,0/0,0/0,0/0
20130814,0/0,0/0,0/0,0/0,0/0,18/18,0/0,0/0,0/0,0/0,1/0,0/0,2/2,0/0,25/25,0/0,1/1,0/0,0/0,0/0,0/0,0/0,0/0,0/0,0/0,0/0,0/0,0/0,0/0,0/0,0/0,0/0,0/0,0/0
20130815,0/0,0/0,1/1,0/0,0/0,6/6,0/0,0/0,4/0,0/0,1/0,2/1,0/0,2/2,11/11,0/0,0/0,0/0,0/0,0/0,0/0,0/0,6/6,0/0,0/0,0/0,0/0,0/0,0/0,0/0,0/0,0/0,0/0,0/0
20130816,0/0,0/0,0/0,0/0,0/0,6/6,0/0,0/0,1/1,0/0,0/0,14/8,1/1,1/0,36/33,0/0,0/0,0/0,0/0,0/0,0/0,0/0,1/1,0/0,0/0,0/0,0/0,0/0,0/0,0/0,0/0,0/0,0/0,0/0
20130817,0/0,0/0,0/0,1/1,0/0,9/9,0/0,0/0,0/0,0/0,0/0,6/3,1/1,0/0,17/17,0/0,0/0,0/0,0/0,0/0,0/0,0/0,4/4,0/0,0/0,0/0,0/0,0/0,0/0,0/0,0/0,0/0,0/0,0/0
20130818,0/0,1/1,9/9,0/0,1/1,6/5,0/0,0/0,1/1,1/1,0/0,0/0,0/0,0/0,12/12,0/0,0/0,0/0,0/0,0/0,0/0,0/0,5/5,0/0,0/0,0/0,0/0,0/0,0/0,0/0,0/0,0/0,0/0,0/0
20130819,0/0,0/0,1/1,0/0,0/0,6/6,0/0,0/0,4/1,0/0,1/0,0/0,1/1,0/0,0/0,0/0,0/0,0/0,0/0,3/3,0/0,0/0,2/2,0/0,0/0,0/0,0/0,0/0,0/0,0/0,0/0,0/0,0/0,0/0
20130820,0/0,0/0,0/0,0/0,0/0,0/0,0/0,0/0,0/0,0/0,1/0,0/0,1/1,0/0,15/15,0/0,0/0,2/2,0/0,0/0,0/0,0/0,4/4,0/0,0/0,0/0,0/0,0/0,0/0,0/0,0/0,0/0,0/0,0/0
20130821,0/0,0/0,0/0,0/0,0/0,0/0,0/0,0/0,0/0,0/0,1/0,0/0,2/2,5/5,9/9,0/0,0/0,0/0,0/0,0/0,0/0,0/0,5/5,0/0,0/0,0/0,0/0,0/0,0/0,0/0,0/0,0/0,0/0,0/0
20130822,0/0,0/0,0/0,0/0,0/0,5/5,0/0,0/0,2/1,0/0,1/0,11/0,1/1,4/0,20/19,0/0,1/1,0/0,1/0,0/0,0/0,0/0,2/2,0/0,1/1,0/0,0/0,0/0,0/0,0/0,0/0,0/0,0/0,0/0
20130823,0/0,0/0,0/0,0/0,0/0,0/0,0/0,0/0,2/1,2/2,0/0,0/0,0/0,1/0,1/1,0/0,3/3,0/0,0/0,0/0,0/0,0/0,9/9,0/0,0/0,0/0,0/0,0/0,0/0,0/0,0/0,0/0,0/0,0/0
20130824,0/0,0/0,0/0,0/0,0/0,2/2,0/0,0/0,0/0,0/0,1/0,0/0,0/0,1/0,0/0,0/0,1/1,0/0,0/0,0/0,0/0,0/0,7/7,0/0,0/0,0/0,0/0,0/0,0/0,0/0,0/0,0/0,0/0,0/0
20130825,0/0,0/0,0/0,0/0,0/0,1/1,0/0,0/0,1/0,0/0,1/0,0/0,0/0,1/0,2/2,0/0,0/0,0/0,0/0,0/0,0/0,1/1,0/0,0/0,0/0,0/0,0/0,0/0,0/0,0/0,0/0,0/0,0/0,0/0
20130826,2/2,0/0,1/1,7/7,0/0,9/9,0/0,0/0,0/0,0/0,1/0,3/0,0/0,1/0,1/1,0/0,0/0,0/0,0/0,0/0,0/0,0/0,0/0,0/0,0/0,0/0,0/0,0/0,0/0,0/0,0/0,0/0,0/0,0/0
20130827,3/3,0/0,0/0,4/4,0/0,15/15,0/0,0/0,0/0,0/0,1/0,1/1,6/5,0/0,0/0,0/0,0/0,0/0,0/0,0/0,0/0,0/0,4/4,0/0,0/0,0/0,0/0,0/0,0/0,0/0,0/0,0/0,0/0,0/0
20130828,0/0,0/0,1/1,0/0,0/0,6/6,0/0,0/0,0/0,0/0,1/0,0/0,2/2,3/3,2/2,0/0,0/0,0/0,0/0,0/0,0/0,0/0,0/0,0/0,0/0,0/0,0/0,0/0,0/0,0/0,0/0,0/0,0/0,0/0
20130829,0/0,0/0,0/0,0/0,0/0,6/6,0/0,0/0,0/0,0/0,1/0,0/0,1/1,2/2,1/1,0/0,0/0,0/0,0/0,0/0,0/0,0/0,1/1,0/0,0/0,0/0,0/0,0/0,0/0,0/0,0/0,0/0,0/0,0/0
20130830,0/0,0/0,0/0,0/0,0/0,9/9,0/0,0/0,0/0,0/0,1/0,1/0,2/2,3/3,0/0,0/0,0/0,0/0,0/0,0/0,0/0,0/0,0/0,0/0,0/0,0/0,0/0,0/0,0/0,0/0,0/0,0/0,0/0,0/0
20130831,0/0,0/0,0/0,0/0,0/0,4/4,0/0,1/1,0/0,0/0,1/0,4/3,3/3,0/0,3/3,0/0,0/0,0/0,0/0,15/0,1/0,0/0,4/4,0/0,0/0,0/0,0/0,0/0,0/0,0/0,0/0,0/0,0/0,0/0
20130901,0/0,0/0,0/0,0/0,0/0,3/3,0/0,0/0,0/0,0/0,1/0,0/0,3/3,4/4,2/1,6/0,0/0,0/0,0/0,0/0,1/0,3/1,0/0,0/0,0/0,0/0,0/0,0/0,0/0,0/0,0/0,0/0,0/0,0/0
20130902,1/1,0/0,0/0,0/0,0/0,4/4,3/3,0/0,0/0,0/0,1/0,0/0,1/1,3/3,7/7,2/0,0/0,0/0,0/0,0/0,0/0,0/0,0/0,0/0,0/0,0/0,0/0,0/0,0/0,0/0,0/0,0/0,0/0,0/0
20130903,0/0,0/0,0/0,0/0,0/0,0/0,0/0,0/0,0/0,0/0,1/0,2/1,3/3,3/3,1/1,0/0,0/0,0/0,0/0,0/0,0/0,0/0,2/2,0/0,0/0,0/0,0/0,0/0,0/0,0/0,0/0,0/0,0/0,0/0
20130904,0/0,0/0,0/0,0/0,0/0,0/0,0/0,0/0,0/0,0/0,1/0,3/0,1/1,5/0,4/4,0/0,0/0,0/0,0/0,0/0,0/0,0/0,10/0,0/0,2/0,0/0,0/0,0/0,0/0,0/0,0/0,0/0,0/0,0/0
20130905,0/0,0/0,0/0,0/0,0/0,0/0,0/0,0/0,0/0,0/0,1/0,0/0,1/1,0/0,1/1,0/0,0/0,0/0,0/0,0/0,0/0,0/0,2/0,0/0,4/0,0/0,0/0,0/0,0/0,0/0,0/0,0/0,0/0,0/0
20130906,0/0,0/0,10/9,0/0,0/0,0/0,1/1,0/0,0/0,0/0,1/0,0/0,1/1,1/1,3/3,0/0,0/0,0/0,0/0,0/0,0/0,0/0,0/0,0/0,0/0,0/0,0/0,0/0,0/0,0/0,0/0,0/0,0/0,0/0
20130907,0/0,0/0,0/0,0/0,0/0,4/4,0/0,0/0,0/0,0/0,1/0,0/0,0/0,4/4,1/1,0/0,0/0,0/0,0/0,0/0,0/0,0/0,1/0,0/0,6/0,0/0,0/0,0/0,0/0,0/0,0/0,0/0,0/0,0/0
20130908,0/0,0/0,0/0,0/0,0/0,9/9,2/2,0/0,0/0,0/0,2/0,6/1,0/0,5/4,0/0,0/0,0/0,0/0,0/0,0/0,0/0,0/0,0/0,0/0,0/0,0/0,0/0,0/0,0/0,0/0,0/0,0/0,0/0,0/0
20130909,1/1,0/0,0/0,0/0,6/6,16/16,2/2,0/0,0/0,0/0,1/0,4/1,1/1,3/3,2/2,0/0,0/0,0/0,0/0,0/0,0/0,0/0,0/0,0/0,0/0,0/0,0/0,0/0,0/0,0/0,0/0,0/0,0/0,0/0
20130910,1/1,0/0,0/0,0/0,3/3,0/0,2/2,2/2,0/0,0/0,1/0,1/1,0/0,0/0,3/0,0/0,1/0,0/0,0/0,0/0,0/0,0/0,0/0,0/0,5/0,0/0,0/0,0/0,0/0,0/0,0/0,0/0,0/0,0/0
20130911,0/0,0/0,0/0,0/0,0/0,9/9,0/0,0/0,0/0,0/0,1/0,5/4,0/0,9/9,4/3,0/0,2/0,0/0,3/0,0/0,0/0,0/0,0/0,0/0,1/0,0/0,0/0,0/0,0/0,0/0,0/0,0/0,0/0,0/0
20130912,2/2,0/0,1/1,0/0,0/0,0/0,0/0,2/2,0/0,0/0,1/0,25/12,1/1,24/12,0/0,0/0,0/0,0/0,0/0,0/0,0/0,0/0,0/0,0/0,0/0,0/0,0/0,0/0,0/0,0/0,0/0,0/0,0/0,0/0
20130913,0/0,0/0,0/0,0/0,0/0,7/7,0/0,0/0,0/0,0/0,1/0,5/0,0/0,0/0,11/11,0/0,0/0,0/0,0/0,0/0,0/0,0/0,0/0,0/0,0/0,0/0,0/0,0/0,0/0,0/0,0/0,0/0,0/0,0/0
20130914,0/0,0/0,0/0,0/0,0/0,4/4,0/0,0/0,0/0,0/0,7/0,1/1,0/0,1/0,0/0,0/0,0/0,0/0,0/0,0/0,0/0,0/0,7/6,1/1,2/2,0/0,0/0,0/0,0/0,0/0,0/0,0/0,0/0,0/0
20130915,9/9,0/0,0/0,3/3,0/0,2/2,1/1,0/0,0/0,0/0,1/0,19/14,1/1,1/1,12/12,0/0,0/0,0/0,0/0,0/0,0/0,0/0,0/0,0/0,0/0,0/0,0/0,0/0,0/0,0/0,0/0,0/0,0/0,0/0
20130916,0/0,0/0,0/0,0/0,0/0,0/0,0/0,0/0,0/0,0/0,10/0,6/5,0/0,0/0,5/4,0/0,0/0,0/0,0/0,0/0,0/0,0/0,0/0,0/0,1/1,0/0,0/0,0/0,0/0,0/0,0/0,0/0,0/0,0/0
20130917,0/0,0/0,0/0,0/0,0/0,0/0,0/0,0/0,0/0,0/0,4/0,14/3,0/0,2/2,2/2,0/0,0/0,0/0,0/0,0/0,0/0,0/0,8/8,0/0,8/8,0/0,0/0,0/0,0/0,0/0,0/0,0/0,0/0,0/0
20130918,0/0,0/0,0/0,0/0,1/1,3/3,0/0,0/0,0/0,0/0,13/0,19/7,2/2,0/0,0/0,0/0,0/0,0/0,0/0,0/0,0/0,0/0,4/4,0/0,3/3,0/0,0/0,0/0,0/0,0/0,0/0,0/0,0/0,0/0
20130919,0/0,0/0,0/0,0/0,0/0,0/0,0/0,0/0,0/0,0/0,1/0,10/5,2/2,1/1,6/6,0/0,0/0,0/0,0/0,0/0,0/0,0/0,9/9,0/0,0/0,0/0,0/0,0/0,0/0,0/0,0/0,0/0,0/0,0/0
20130920,0/0,0/0,0/0,0/0,1/1,0/0,2/2,3/3,0/0,0/0,1/0,1/0,1/1,2/2,3/3,0/0,0/0,0/0,0/0,0/0,0/0,0/0,9/9,0/0,0/0,0/0,0/0,0/0,0/0,0/0,0/0,0/0,0/0,0/0
20130921,0/0,0/0,0/0,0/0,1/1,0/0,0/0,0/0,0/0,0/0,1/0,1/1,1/1,3/3,3/3,0/0,11/11,0/0,0/0,0/0,0/0,0/0,18/18,0/0,15/15,0/0,0/0,0/0,0/0,0/0,0/0,0/0,0/0,0/0
20130922,0/0,0/0,0/0,0/0,0/0,0/0,0/0,0/0,9/7,2/2,0/0,13/1,1/1,2/2,3/3,0/0,0/0,0/0,1/0,0/0,0/0,0/0,29/29,0/0,0/0,0/0,0/0,0/0,0/0,0/0,0/0,0/0,0/0,0/0
20130923,0/0,0/0,0/0,0/0,0/0,2/2,0/0,0/0,7/4,6/6,0/0,12/7,2/2,1/1,6/6,0/0,0/0,0/0,0/0,0/0,0/0,0/0,9/9,0/0,0/0,0/0,0/0,0/0,0/0,0/0,0/0,0/0,0/0,0/0
20130924,0/0,0/0,0/0,0/0,0/0,21/20,0/0,0/0,8/0,4/4,0/0,10/2,0/0,1/1,7/7,0/0,0/0,0/0,0/0,0/0,0/0,0/0,22/22,0/0,0/0,0/0,0/0,0/0,0/0,0/0,0/0,0/0,0/0,0/0
20130925,0/0,1/1,0/0,0/0,2/2,3/3,0/0,0/0,5/1,0/0,0/0,0/0,0/0,0/0,0/0,0/0,0/0,0/0,1/0,0/0,0/0,0/0,15/15,0/0,2/2,0/0,0/0,0/0,0/0,0/0,0/0,0/0,0/0,0/0
20130926,0/0,1/1,0/0,0/0,3/3,4/4,0/0,0/0,0/0,0/0,0/0,0/0,0/0,0/0,10/9,0/0,0/0,0/0,0/0,0/0,0/0,0/0,12/12,0/0,1/1,0/0,0/0,0/0,0/0,0/0,0/0,0/0,0/0,0/0
20130927,2/2,0/0,0/0,2/2,6/6,14/14,0/0,1/1,0/0,4/4,0/0,0/0,0/0,0/0,3/3,0/0,6/6,0/0,0/0,0/0,0/0,0/0,3/3,0/0,0/0,0/0,0/0,0/0,0/0,0/0,0/0,0/0,0/0,0/0
20130928,0/0,1/1,0/0,6/6,6/6,4/4,0/0,0/0,0/0,2/2,0/0,0/0,0/0,0/0,1/1,0/0,0/0,0/0,0/0,0/0,0/0,0/0,7/7,0/0,0/0,0/0,0/0,0/0,0/0,0/0,0/0,0/0,0/0,0/0
20130929,5/5,0/0,0/0,7/7,1/1,9/8,0/0,0/0,2/2,1/1,0/0,0/0,0/0,0/0,7/7,0/0,0/0,0/0,0/0,0/0,0/0,0/0,5/5,0/0,0/0,0/0,0/0,0/0,0/0,0/0,0/0,0/0,0/0,0/0
20130930,1/1,0/0,0/0,0/0,0/0,9/9,0/0,0/0,0/0,0/0,0/0,0/0,0/0,0/0,0/0,0/0,0/0,0/0,0/0,0/0,0/0,0/0,3/2,0/0,0/0,0/0,0/0,0/0,0/0,0/0,0/0,0/0,0/0,0/0
20131001,0/0,0/0,1/1,0/0,1/1,7/7,0/0,0/0,0/0,0/0,0/0,1/0,0/0,1/0,4/3,0/0,3/3,0/0,0/0,0/0,0/0,0/0,9/6,0/0,0/0,0/0,0/0,0/0,0/0,0/0,0/0,0/0,0/0,0/0
20131002,4/4,0/0,0/0,0/0,1/1,10/10,1/1,0/0,0/0,2/2,0/0,0/0,0/0,0/0,15/12,1/0,3/3,0/0,0/0,0/0,0/0,0/0,10/0,0/0,0/0,0/0,0/0,0/0,0/0,0/0,0/0,0/0,0/0,0/0
20131003,22/21,0/0,0/0,1/1,1/1,8/8,1/1,3/3,0/0,0/0,0/0,0/0,0/0,0/0,11/5,0/0,4/4,0/0,0/0,0/0,0/0,0/0,2/0,0/0,8/0,0/0,0/0,0/0,0/0,0/0,0/0,0/0,0/0,0/0
20131004,2/2,0/0,0/0,0/0,0/0,0/0,1/1,0/0,0/0,2/2,0/0,0/0,0/0,0/0,10/0,0/0,1/0,0/0,0/0,0/0,0/0,0/0,24/0,0/0,0/0,0/0,0/0,0/0,0/0,0/0,0/0,0/0,0/0,0/0
20131005,1/1,0/0,0/0,0/0,0/0,8/8,1/1,0/0,3/2,2/2,0/0,0/0,0/0,1/0,8/1,0/0,1/0,0/0,0/0,0/0,0/0,0/0,0/0,0/0,0/0,0/0,0/0,0/0,0/0,0/0,0/0,0/0,0/0,0/0
20131006,3/3,0/0,1/1,0/0,0/0,6/6,1/1,0/0,0/0,2/2,0/0,0/0,0/0,1/0,0/0,0/0,0/0,0/0,0/0,0/0,0/0,0/0,0/0,0/0,0/0,0/0,0/0,0/0,0/0,0/0,0/0,0/0,0/0,0/0
20131007,2/2,0/0,0/0,0/0,0/0,6/6,0/0,0/0,0/0,4/4,0/0,0/0,0/0,1/0,11/7,0/0,4/4,0/0,0/0,0/0,0/0,0/0,0/0,0/0,1/0,0/0,0/0,0/0,0/0,0/0,0/0,0/0,0/0,0/0
20131008,2/2,0/0,0/0,0/0,0/0,16/16,0/0,0/0,9/1,0/0,1/0,0/0,0/0,1/0,1/1,0/0,0/0,0/0,0/0,0/0,0/0,0/0,0/0,0/0,0/0,0/0,0/0,0/0,0/0,0/0,0/0,0/0,0/0,0/0
20131009,4/4,0/0,0/0,0/0,0/0,6/6,0/0,0/0,0/0,0/0,0/0,0/0,0/0,2/0,2/2,0/0,1/1,0/0,0/0,0/0,0/0,0/0,0/0,0/0,0/0,0/0,0/0,0/0,0/0,0/0,0/0,0/0,0/0,0/0
20131010,2/2,0/0,0/0,0/0,0/0,15/15,0/0,0/0,0/0,0/0,0/0,0/0,0/0,1/0,0/0,0/0,7/7,0/0,0/0,0/0,0/0,0/0,13/7,0/0,0/0,0/0,0/0,0/0,0/0,0/0,0/0,0/0,0/0,0/0
20131011,13/13,2/2,0/0,2/2,2/2,16/16,0/0,0/0,6/2,0/0,0/0,0/0,0/0,6/0,4/4,0/0,7/7,0/0,0/0,0/0,0/0,0/0,8/8,0/0,0/0,0/0,0/0,0/0,1/1,0/0,0/0,0/0,0/0,0/0
20131012,5/5,0/0,0/0,0/0,0/0,11/11,0/0,0/0,7/0,0/0,0/0,0/0,0/0,1/0,1/1,0/0,0/0,0/0,0/0,0/0,0/0,0/0,1/1,0/0,0/0,0/0,0/0,0/0,0/0,0/0,0/0,0/0,0/0,0/0
20131013,1/1,1/1,0/0,0/0,0/0,5/5,0/0,0/0,5/2,0/0,0/0,0/0,0/0,1/0,0/0,0/0,0/0,0/0,0/0,0/0,0/0,0/0,0/0,0/0,0/0,0/0,0/0,0/0,0/0,0/0,0/0,0/0,0/0,0/0
20131014,3/3,0/0,0/0,0/0,3/3,6/6,0/0,0/0,1/0,0/0,0/0,0/0,0/0,1/0,0/0,0/0,0/0,0/0,1/0,0/0,0/0,0/0,4/4,0/0,0/0,0/0,0/0,0/0,0/0,0/0,0/0,0/0,0/0,0/0
20131015,23/22,0/0,0/0,17/17,2/2,18/17,0/0,0/0,8/3,0/0,0/0,0/0,0/0,1/0,1/1,0/0,1/1,0/0,0/0,0/0,0/0,0/0,0/0,0/0,0/0,0/0,0/0,0/0,0/0,0/0,0/0,0/0,0/0,0/0
20131016,4/4,1/0,0/0,0/0,3/3,15/15,0/0,4/4,1/1,2/2,0/0,0/0,0/0,1/0,2/2,0/0,0/0,0/0,0/0,0/0,0/0,0/0,0/0,0/0,0/0,0/0,0/0,0/0,0/0,0/0,0/0,0/0,0/0,0/0
20131017,0/0,0/0,0/0,0/0,0/0,33/33,3/3,7/7,0/0,0/0,0/0,0/0,0/0,1/0,0/0,0/0,0/0,1/0,3/0,0/0,0/0,0/0,7/7,0/0,0/0,0/0,0/0,0/0,0/0,0/0,0/0,0/0,0/0,0/0
20131018,0/0,0/0,0/0,0/0,0/0,6/6,0/0,0/0,0/0,0/0,0/0,0/0,0/0,23/0,0/0,0/0,9/9,0/0,0/0,0/0,0/0,0/0,1/1,0/0,2/2,0/0,0/0,0/0,0/0,0/0,0/0,0/0,0/0,0/0
20131019,0/0,0/0,0/0,0/0,0/0,5/5,5/5,0/0,0/0,2/2,0/0,0/0,0/0,0/0,2/2,0/0,3/3,149/0,1/0,0/0,0/0,0/0,1/1,0/0,0/0,0/0,0/0,0/0,0/0,0/0,0/0,0/0,0/0,0/0
20131020,0/0,0/0,0/0,0/0,0/0,5/5,0/0,0/0,2/1,0/0,0/0,0/0,0/0,0/0,2/2,0/0,0/0,88/0,1/0,0/0,0/0,0/0,1/1,0/0,0/0,0/0,0/0,0/0,0/0,0/0,0/0,0/0,0/0,0/0
20131021,0/0,0/0,0/0,0/0,0/0,10/10,0/0,0/0,0/0,0/0,0/0,0/0,0/0,0/0,1/1,0/0,1/1,0/0,1/0,0/0,0/0,0/0,5/5,0/0,0/0,0/0,0/0,0/0,0/0,0/0,0/0,0/0,0/0,0/0
20131022,0/0,0/0,0/0,0/0,0/0,7/7,6/5,2/2,0/0,1/1,0/0,0/0,0/0,0/0,1/1,0/0,0/0,7/0,1/0,0/0,0/0,0/0,1/1,0/0,0/0,0/0,0/0,0/0,0/0,0/0,0/0,0/0,0/0,0/0
20131023,0/0,0/0,0/0,0/0,0/0,1/1,0/0,0/0,1/0,2/2,0/0,0/0,0/0,0/0,1/1,0/0,3/3,3/0,1/0,0/0,0/0,0/0,0/0,0/0,0/0,0/0,0/0,0/0,0/0,0/0,0/0,0/0,0/0,0/0
20131024,0/0,0/0,0/0,0/0,0/0,4/4,0/0,0/0,1/1,3/3,0/0,3/0,0/0,0/0,15/14,0/0,2/2,0/0,1/0,0/0,0/0,0/0,4/4,0/0,0/0,0/0,0/0,0/0,0/0,0/0,0/0,0/0,0/0,0/0
20131025,0/0,0/0,0/0,0/0,0/0,5/5,2/2,3/3,4/0,0/0,0/0,19/4,4/4,6/5,14/14,0/0,4/3,0/0,1/0,0/0,0/0,0/0,0/0,0/0,0/0,0/0,0/0,0/0,0/0,0/0,0/0,0/0,0/0,0/0
20131026,0/0,0/0,0/0,0/0,0/0,25/24,0/0,1/1,1/0,1/1,0/0,4/1,1/1,9/9,7/7,0/0,1/0,1/0,1/0,0/0,0/0,0/0,1/1,0/0,0/0,0/0,0/0,0/0,0/0,0/0,0/0,0/0,0/0,0/0
20131027,0/0,0/0,0/0,0/0,0/0,20/20,1/1,6/6,0/0,0/0,0/0,0/0,1/1,1/0,18/8,0/0,14/14,0/0,0/0,0/0,0/0,0/0,3/3,0/0,0/0,0/0,0/0,0/0,0/0,0/0,0/0,0/0,0/0,0/0
20131028,0/0,0/0,0/0,0/0,0/0,26/25,2/2,0/0,0/0,0/0,0/0,4/0,0/0,3/3,2/2,0/0,1/1,0/0,0/0,0/0,0/0,0/0,2/2,0/0,0/0,0/0,0/0,0/0,0/0,0/0,0/0,0/0,0/0,0/0
20131029,0/0,0/0,0/0,0/0,0/0,10/10,0/0,0/0,0/0,0/0,1/0,0/0,1/1,1/1,8/7,0/0,7/7,0/0,2/0,0/0,0/0,0/0,0/0,0/0,23/23,0/0,0/0,0/0,0/0,0/0,0/0,0/0,0/0,0/0
20131030,0/0,0/0,0/0,0/0,0/0,20/20,0/0,0/0,1/0,0/0,0/0,1/1,1/1,1/1,8/8,0/0,0/0,0/0,0/0,0/0,0/0,0/0,1/1,0/0,0/0,0/0,0/0,0/0,0/0,0/0,0/0,0/0,0/0,0/0
20131031,0/0,0/0,0/0,0/0,0/0,6/6,0/0,0/0,1/1,0/0,0/0,6/2,3/3,1/0,2/2,0/0,4/4,0/0,0/0,0/0,0/0,0/0,3/3,0/0,0/0,0/0,0/0,0/0,0/0,0/0,0/0,0/0,0/0,0/0
20131101,0/0,0/0,0/0,0/0,0/0,11/10,0/0,0/0,4/1,1/1,1/1,1/1,3/3,12/7,0/0,0/0,0/0,1/0,0/0,0/0,0/0,0/0,6/0,0/0,0/0,0/0,0/0,1/0,1/0,0/0,0/0,0/0,0/0,0/0
20131102,0/0,0/0,0/0,0/0,0/0,11/10,0/0,0/0,21/6,0/0,0/0,18/16,1/1,0/0,0/0,0/0,0/0,0/0,0/0,0/0,0/0,0/0,2/0,0/0,0/0,0/0,0/0,0/0,0/0,0/0,0/0,0/0,0/0,0/0
20131103,0/0,0/0,0/0,0/0,0/0,17/16,0/0,0/0,18/6,0/0,0/0,3/2,0/0,3/1,0/0,0/0,0/0,0/0,0/0,0/0,0/0,0/0,2/0,0/0,14/0,0/0,0/0,0/0,0/0,0/0,0/0,0/0,0/0,0/0
20131104,3/3,6/6,5/5,7/7,6/5,3/3,0/0,0/0,3/0,0/0,1/0,3/3,1/1,0/0,0/0,0/0,3/3,0/0,0/0,0/0,0/0,0/0,0/0,0/0,0/0,0/0,0/0,0/0,0/0,0/0,0/0,0/0,0/0,0/0
20131105,1/1,7/7,7/7,0/0,1/1,2/2,0/0,0/0,0/0,0/0,1/0,0/0,0/0,0/0,0/0,0/0,2/2,0/0,0/0,0/0,0/0,0/0,0/0,0/0,1/0,0/0,0/0,3/0,2/0,2/0,0/0,0/0,0/0,0/0
20131106,0/0,4/4,3/2,0/0,0/0,1/1,3/3,0/0,0/0,0/0,1/0,0/0,0/0,6/6,0/0,0/0,0/0,0/0,0/0,0/0,0/0,0/0,0/0,0/0,0/0,0/0,0/0,0/0,0/0,0/0,0/0,0/0,0/0,0/0
20131107,0/0,4/4,11/11,3/3,2/2,8/8,0/0,0/0,0/0,0/0,2/0,0/0,0/0,2/2,2/2,0/0,0/0,0/0,0/0,0/0,0/0,0/0,13/0,0/0,0/0,0/0,0/0,0/0,0/0,0/0,0/0,0/0,0/0,0/0
20131108,1/1,2/2,0/0,0/0,0/0,8/8,0/0,0/0,0/0,0/0,1/0,0/0,1/1,1/1,0/0,0/0,0/0,0/0,0/0,0/0,0/0,0/0,3/0,0/0,0/0,0/0,0/0,0/0,0/0,0/0,0/0,0/0,0/0,0/0
20131109,0/0,0/0,1/1,1/1,0/0,25/25,1/1,0/0,0/0,0/0,1/0,0/0,0/0,15/11,0/0,0/0,1/1,0/0,0/0,0/0,0/0,0/0,0/0,0/0,0/0,0/0,0/0,0/0,0/0,0/0,0/0,0/0,0/0,0/0
20131110,1/0,0/0,7/6,0/0,0/0,10/10,0/0,0/0,0/0,0/0,1/0,0/0,0/0,6/6,1/1,0/0,0/0,0/0,0/0,0/0,0/0,0/0,6/0,0/0,0/0,0/0,0/0,0/0,3/0,0/0,0/0,0/0,0/0,0/0
20131111,1/1,0/0,0/0,0/0,0/0,9/9,1/1,0/0,0/0,0/0,1/0,0/0,0/0,5/5,6/2,2/0,8/8,0/0,0/0,0/0,0/0,0/0,1/1,0/0,0/0,0/0,0/0,0/0,0/0,0/0,0/0,0/0,0/0,0/0
20131112,0/0,2/2,0/0,2/2,0/0,11/11,2/2,0/0,0/0,0/0,1/0,5/3,0/0,5/5,0/0,0/0,0/0,0/0,0/0,0/0,0/0,0/0,0/0,0/0,3/3,0/0,0/0,0/0,0/0,0/0,0/0,0/0,0/0,0/0
20131113,2/2,0/0,1/1,4/4,0/0,7/6,2/2,0/0,4/0,1/1,1/0,0/0,1/1,1/1,4/2,0/0,0/0,0/0,2/0,0/0,0/0,0/0,0/0,0/0,0/0,0/0,0/0,0/0,0/0,0/0,0/0,0/0,0/0,0/0
20131114,2/2,0/0,2/2,14/14,0/0,24/22,5/5,0/0,0/0,3/3,0/0,13/4,1/1,5/5,1/0,0/0,0/0,0/0,0/0,0/0,0/0,0/0,3/3,0/0,0/0,0/0,0/0,0/0,0/0,0/0,0/0,0/0,0/0,0/0
20131115,11/9,2/2,0/0,0/0,0/0,9/9,0/0,0/0,0/0,1/1,0/0,5/0,0/0,4/0,3/1,0/0,1/1,0/0,0/0,0/0,0/0,0/0,5/5,0/0,1/1,0/0,0/0,0/0,0/0,0/0,0/0,0/0,0/0,0/0
20131116,6/6,8/8,0/0,12/12,1/1,10/10,0/0,0/0,0/0,2/2,0/0,0/0,0/0,2/0,0/0,0/0,0/0,0/0,0/0,0/0,0/0,0/0,11/11,0/0,0/0,0/0,0/0,0/0,0/0,0/0,0/0,0/0,0/0,0/0
20131117,26/25,0/0,0/0,14/14,0/0,22/22,0/0,2/2,2/0,3/3,0/0,1/0,0/0,1/0,0/0,0/0,0/0,0/0,0/0,0/0,0/0,0/0,5/5,0/0,1/1,0/0,0/0,0/0,0/0,0/0,0/0,0/0,0/0,0/0
20131118,10/10,2/2,12/12,16/16,1/1,0/0,0/0,0/0,0/0,2/2,1/1,6/4,4/4,2/1,4/4,0/0,0/0,0/0,0/0,0/0,0/0,0/0,2/2,0/0,0/0,0/0,0/0,0/0,0/0,0/0,0/0,0/0,0/0,0/0
20131119,0/0,1/1,15/15,0/0,0/0,0/0,0/0,0/0,0/0,0/0,0/0,0/0,3/3,0/0,0/0,0/0,0/0,0/0,0/0,0/0,0/0,0/0,5/5,0/0,0/0,0/0,0/0,0/0,0/0,0/0,0/0,0/0,0/0,0/0
20131120,1/1,0/0,2/2,0/0,0/0,0/0,0/0,0/0,0/0,0/0,0/0,13/10,3/3,2/2,0/0,0/0,0/0,0/0,0/0,0/0,0/0,0/0,6/6,0/0,0/0,0/0,0/0,0/0,0/0,0/0,0/0,0/0,0/0,0/0
20131121,26/25,0/0,0/0,26/26,0/0,0/0,0/0,0/0,0/0,0/0,0/0,12/4,0/0,19/9,0/0,0/0,0/0,0/0,0/0,0/0,0/0,0/0,4/4,0/0,0/0,0/0,0/0,0/0,0/0,0/0,0/0,0/0,0/0,0/0
20131122,1/1,2/2,2/2,0/0,4/4,0/0,0/0,0/0,0/0,1/1,0/0,4/0,1/1,1/0,0/0,0/0,0/0,0/0,0/0,0/0,0/0,0/0,5/5,0/0,0/0,0/0,0/0,0/0,0/0,0/0,0/0,0/0,0/0,0/0
20131123,1/1,0/0,2/2,11/11,3/3,0/0,0/0,0/0,0/0,0/0,0/0,0/0,2/2,0/0,1/1,0/0,0/0,0/0,0/0,0/0,0/0,0/0,3/3,0/0,0/0,0/0,0/0,0/0,0/0,0/0,0/0,0/0,0/0,0/0
20131124,3/2,0/0,8/7,1/1,1/1,0/0,0/0,0/0,0/0,0/0,0/0,1/1,1/1,0/0,0/0,0/0,5/5,0/0,0/0,0/0,0/0,0/0,18/18,0/0,0/0,0/0,0/0,0/0,0/0,0/0,0/0,0/0,0/0,0/0
20131125,7/7,1/1,6/6,10/10,3/3,0/0,0/0,0/0,0/0,4/4,0/0,0/0,0/0,4/3,0/0,0/0,0/0,0/0,0/0,0/0,0/0,0/0,3/3,0/0,0/0,0/0,0/0,0/0,0/0,0/0,0/0,0/0,0/0,0/0
20131126,6/6,0/0,1/1,6/6,0/0,0/0,0/0,0/0,5/0,0/0,1/0,1/1,0/0,0/0,6/3,0/0,15/12,0/0,0/0,0/0,0/0,0/0,1/1,0/0,0/0,1/0,0/0,0/0,0/0,0/0,0/0,0/0,0/0,0/0
20131127,2/2,1/1,9/9,0/0,2/2,2/2,0/0,4/4,0/0,0/0,3/0,0/0,3/3,2/2,0/0,0/0,0/0,0/0,0/0,0/0,0/0,0/0,4/4,0/0,2/2,0/0,0/0,0/0,0/0,0/0,0/0,0/0,0/0,0/0
20131128,3/2,2/2,21/20,0/0,5/5,0/0,0/0,5/5,0/0,0/0,1/0,0/0,1/1,12/12,5/5,0/0,1/1,0/0,0/0,0/0,0/0,0/0,2/2,1/1,0/0,0/0,0/0,0/0,0/0,0/0,0/0,0/0,0/0,0/0
20131129,0/0,4/4,26/25,6/6,9/9,0/0,0/0,6/6,0/0,0/0,7/0,2/0,0/0,9/9,1/1,0/0,12/12,0/0,0/0,0/0,0/0,0/0,5/5,1/1,0/0,0/0,0/0,0/0,0/0,0/0,0/0,0/0,0/0,0/0
20131130,11/10,0/0,9/9,0/0,4/4,11/11,0/0,0/0,0/0,0/0,1/0,0/0,3/3,4/4,0/0,0/0,6/6,0/0,0/0,0/0,0/0,0/0,4/4,1/1,0/0,0/0,0/0,0/0,0/0,0/0,0/0,0/0,0/0,0/0
20131201,2/2,0/0,1/1,1/1,0/0,0/0,0/0,0/0,0/0,0/0,1/0,0/0,4/4,7/7,6/6,0/0,19/18,0/0,0/0,0/0,0/0,0/0,5/5,0/0,1/1,0/0,0/0,0/0,0/0,0/0,0/0,0/0,0/0,0/0
20131202,0/0,0/0,0/0,0/0,0/0,4/4,0/0,0/0,0/0,0/0,1/0,4/0,2/2,7/7,0/0,0/0,2/2,0/0,0/0,0/0,0/0,0/0,9/3,0/0,9/3,0/0,0/0,0/0,0/0,0/0,0/0,0/0,0/0,0/0
20131203,0/0,0/0,29/28,0/0,4/4,6/6,0/0,0/0,0/0,0/0,1/0,0/0,2/2,8/7,12/7,0/0,17/17,0/0,0/0,0/0,0/0,0/0,7/0,0/0,4/0,0/0,0/0,0/0,0/0,0/0,0/0,0/0,0/0,0/0
20131204,1/1,0/0,26/26,0/0,1/1,27/27,0/0,0/0,0/0,0/0,1/0,0/0,2/2,7/7,1/1,0/0,0/0,0/0,0/0,0/0,0/0,0/0,26/0,0/0,8/0,0/0,0/0,0/0,0/0,0/0,0/0,0/0,0/0,0/0
20131205,0/0,0/0,12/11,0/0,0/0,22/22,0/0,0/0,0/0,0/0,1/0,18/5,2/2,15/5,1/1,0/0,4/4,0/0,0/0,0/0,0/0,0/0,1/0,0/0,0/0,0/0,0/0,0/0,0/0,0/0,0/0,0/0,0/0,0/0
20131206,0/0,0/0,16/16,0/0,2/2,23/22,0/0,3/3,0/0,0/0,1/0,1/1,4/3,0/0,4/4,0/0,1/1,0/0,0/0,0/0,0/0,0/0,3/0,0/0,9/0,0/0,0/0,0/0,0/0,0/0,0/0,0/0,0/0,0/0
20131207,0/0,0/0,0/0,0/0,0/0,9/9,0/0,0/0,0/0,0/0,1/0,10/6,2/2,0/0,2/2,0/0,0/0,0/0,0/0,0/0,0/0,0/0,0/0,0/0,1/0,0/0,0/0,0/0,0/0,0/0,0/0,0/0,0/0,0/0
20131208,1/1,3/3,9/9,5/5,5/5,13/13,0/0,0/0,0/0,0/0,1/0,15/14,0/0,2/2,0/0,0/0,0/0,0/0,0/0,0/0,0/0,0/0,0/0,0/0,0/0,0/0,0/0,0/0,0/0,0/0,0/0,0/0,0/0,0/0
20131209,10/10,0/0,4/4,7/6,0/0,2/2,0/0,0/0,0/0,0/0,1/0,28/7,3/3,2/0,0/0,0/0,0/0,0/0,0/0,0/0,0/0,0/0,1/0,0/0,0/0,0/0,0/0,0/0,0/0,0/0,0/0,0/0,0/0,0/0
20131210,11/11,3/3,10/10,2/2,2/2,19/19,0/0,2/2,0/0,0/0,1/0,19/2,0/0,5/3,6/3,1/0,15/15,0/0,0/0,0/0,0/0,0/0,0/0,0/0,0/0,0/0,0/0,0/0,0/0,0/0,0/0,0/0,0/0,0/0
20131211,10/10,0/0,15/15,0/0,0/0,0/0,0/0,0/0,0/0,0/0,1/0,4/3,1/1,0/0,5/5,0/0,2/1,0/0,0/0,0/0,0/0,0/0,6/3,0/0,0/0,0/0,0/0,0/0,0/0,0/0,0/0,0/0,0/0,0/0
20131212,3/2,0/0,0/0,0/0,0/0,1/1,1/1,0/0,0/0,0/0,1/0,0/0,1/1,0/0,5/5,0/0,3/3,0/0,0/0,0/0,0/0,2/2,3/3,1/1,5/5,0/0,0/0,0/0,0/0,0/0,0/0,0/0,0/0,0/0
20131213,17/17,0/0,2/2,1/1,0/0,9/9,0/0,0/0,0/0,0/0,1/0,1/0,0/0,0/0,9/9,0/0,3/3,0/0,3/0,0/0,0/0,0/0,4/4,0/0,0/0,0/0,0/0,0/0,0/0,0/0,0/0,0/0,0/0,0/0
20131214,15/15,0/0,1/1,14/14,0/0,25/25,0/0,0/0,0/0,0/0,1/0,5/1,0/0,0/0,8/7,0/0,21/21,0/0,0/0,0/0,0/0,0/0,0/0,0/0,0/0,0/0,0/0,0/0,0/0,0/0,0/0,0/0,0/0,0/0
20131215,3/3,0/0,1/1,7/7,3/3,8/8,0/0,0/0,0/0,0/0,1/0,0/0,0/0,1/1,1/1,0/0,1/1,0/0,0/0,0/0,0/0,0/0,2/2,0/0,1/1,0/0,0/0,0/0,0/0,0/0,0/0,0/0,0/0,0/0
20131216,20/20,0/0,0/0,21/21,4/4,3/3,0/0,0/0,0/0,0/0,1/0,2/0,1/1,0/0,1/1,0/0,5/5,0/0,0/0,0/0,0/0,0/0,8/8,0/0,0/0,0/0,0/0,0/0,0/0,0/0,0/0,0/0,0/0,0/0
20131217,5/5,1/1,0/0,1/1,4/4,15/15,0/0,0/0,0/0,0/0,1/0,0/0,0/0,0/0,6/3,0/0,18/2,0/0,0/0,0/0,0/0,0/0,2/2,0/0,0/0,0/0,0/0,0/0,0/0,0/0,0/0,0/0,0/0,0/0
20131218,12/10,2/2,0/0,3/3,2/2,4/4,0/0,0/0,0/0,0/0,8/0,1/1,1/1,0/0,0/0,0/0,28/27,0/0,0/0,0/0,0/0,0/0,5/5,0/0,0/0,0/0,0/0,0/0,0/0,0/0,0/0,0/0,0/0,0/0
20131219,23/23,5/5,9/9,23/23,6/6,1/1,0/0,0/0,0/0,0/0,1/0,0/0,2/2,8/8,1/1,0/0,20/20,0/0,0/0,0/0,0/0,0/0,6/6,0/0,0/0,0/0,0/0,0/0,0/0,0/0,0/0,0/0,0/0,0/0
20131220,5/5,1/1,0/0,9/9,1/1,5/5,0/0,13/13,0/0,0/0,1/0,0/0,4/4,3/2,0/0,0/0,11/11,0/0,0/0,0/0,0/0,0/0,3/3,0/0,0/0,0/0,0/0,0/0,0/0,0/0,0/0,0/0,0/0,0/0
20131221,14/14,1/1,0/0,0/0,3/3,5/5,0/0,0/0,0/0,0/0,1/0,1/1,0/0,6/6,0/0,0/0,8/8,0/0,0/0,15/0,1/0,0/0,4/4,1/1,15/15,0/0,0/0,0/0,0/0,0/0,0/0,0/0,0/0,0/0
20131222,35/32,3/3,0/0,1/1,6/6,6/6,0/0,0/0,0/0,0/0,1/0,0/0,1/1,5/5,0/0,0/0,15/15,0/0,0/0,0/0,1/0,2/0,2/2,1/0,0/0,0/0,0/0,0/0,0/0,0/0,0/0,0/0,0/0,0/0
20131223,22/20,2/2,0/0,1/1,4/3,4/4,0/0,0/0,0/0,0/0,1/0,0/0,0/0,5/3,1/1,0/0,16/16,6/4,0/0,0/0,0/0,0/0,7/7,0/0,0/0,0/0,0/0,0/0,0/0,0/0,0/0,0/0,0/0,0/0
20131224,5/5,2/2,0/0,0/0,4/4,0/0,0/0,0/0,0/0,0/0,1/0,6/2,2/2,6/3,2/2,0/0,1/1,0/0,0/0,0/0,0/0,0/0,3/3,0/0,0/0,0/0,0/0,0/0,0/0,0/0,0/0,0/0,0/0,0/0
20131225,0/0,0/0,0/0,0/0,0/0,3/3,0/0,0/0,0/0,0/0,1/0,10/10,2/2,5/5,5/5,0/0,4/4,0/0,0/0,0/0,0/0,0/0,8/8,0/0,0/0,0/0,0/0,0/0,0/0,0/0,0/0,0/0,0/0,0/0
20131226,0/0,0/0,0/0,0/0,0/0,3/3,0/0,5/4,0/0,0/0,1/0,16/5,1/1,4/3,10/9,0/0,10/10,0/0,0/0,0/0,0/0,0/0,13/13,0/0,1/1,0/0,0/0,0/0,0/0,0/0,0/0,0/0,0/0,0/0
20131227,0/0,0/0,0/0,0/0,0/0,7/7,0/0,3/3,0/0,0/0,5/0,0/0,3/1,11/9,32/31,0/0,17/16,0/0,0/0,0/0,0/0,1/1,7/7,0/0,2/2,0/0,0/0,0/0,0/0,0/0,0/0,0/0,0/0,0/0
20131228,5/5,3/3,9/9,7/7,5/5,2/2,0/0,11/11,0/0,0/0,1/0,8/0,0/0,20/5,5/5,0/0,7/6,0/0,0/0,2/0,1/0,0/0,9/9,0/0,0/0,0/0,0/0,0/0,0/0,0/0,0/0,0/0,0/0,0/0
20131229,5/5,5/5,0/0,0/0,7/7,6/6,2/2,0/0,0/0,0/0,1/0,11/6,1/1,6/6,6/6,0/0,9/9,0/0,0/0,0/0,1/0,3/1,6/6,0/0,0/0,0/0,0/0,0/0,0/0,0/0,0/0,0/0,0/0,0/0
20131230,9/9,5/5,0/0,0/0,6/6,3/3,2/2,0/0,0/0,0/0,1/0,13/0,1/1,0/0,3/3,0/0,34/33,0/0,1/0,0/0,0/0,0/0,3/3,0/0,0/0,0/0,0/0,0/0,0/0,0/0,0/0,0/0,0/0,0/0
20131231,34/34,1/1,0/0,5/5,3/3,1/1,0/0,0/0,8/0,0/0,1/1,1/0,0/0,2/0,15/5,0/0,24/21,0/0,0/0,0/0,2/0,0/0,5/5,0/0,1/1,,0/0,0/0,0/0,0/0,0/0,0/0,0/0,0/0